"name","nTracks","danceability","energy","speechiness","acousticness","instrumentalness","liveness","valence",
"187 Strassenbande"," 6"," 0.6429999999999999"," 0.7465"," 0.32483333333333336"," 0.12368333333333333"," 3.3450000000000006e-06"," 0.16659999999999997"," 0.3373333333333333"," "
"1Kilo"," 1"," 0.555"," 0.439"," 0.222"," 0.841"," 0.0"," 0.106"," 0.705"," "
"21 Savage"," 3"," 0.85"," 0.37599999999999995"," 0.2856666666666667"," 0.12040000000000001"," 9.026666666666666e-06"," 0.17206666666666667"," 0.33166666666666667"," "
"A-Mei Chang"," 5"," 0.4444"," 0.3226"," 0.03898"," 0.9154"," 0.0"," 0.1214"," 0.3066"," "
"√?aƒ?atay Akman"," 1"," 0.769"," 0.837"," 0.14"," 0.652"," 0.0"," 0.0986"," 0.819"," "
"√?dyssey"," 1"," 0.691"," 0.768"," 0.0924"," 0.144"," 0.0"," 0.142"," 0.526"," "
"ƒ∞lyas Yal√ßƒ±nta≈?"," 1"," 0.712"," 0.713"," 0.0337"," 0.287"," 0.00206"," 0.147"," 0.456"," "
"A$AP Ferg"," 1"," 0.797"," 0.844"," 0.275"," 0.0651"," 0.0"," 0.087"," 0.52"," "
"Â≤'ÂØßÂ?'"," 1"," 0.475"," 0.344"," 0.0308"," 0.719"," 0.000603"," 0.143"," 0.261"," "
"AAA"," 1"," 0.625"," 0.86"," 0.0314"," 0.0512"," 0.0"," 0.408"," 0.533"," "
"Abraham Mateo"," 1"," 0.69"," 0.872"," 0.0588"," 0.226"," 0.0"," 0.0858"," 0.731"," "
"ABREU"," 1"," 0.776"," 0.831"," 0.0792"," 0.125"," 0.0"," 0.307"," 0.622"," "
"Adolphson & Falk"," 1"," 0.583"," 0.747"," 0.0834"," 0.293"," 0.00656"," 0.659"," 0.662"," "
"AJR"," 2"," 0.6725000000000001"," 0.6395"," 0.0445"," 0.132"," 0.0"," 0.1605"," 0.667"," "
"Alan Walker"," 4"," 0.6695"," 0.7985"," 0.050275"," 0.13829999999999998"," 0.0005787500000000001"," 0.179825"," 0.3775"," "
"Albert Dyrlund"," 1"," 0.756"," 0.788"," 0.0353"," 0.167"," 0.0"," 0.162"," 0.818"," "
"Aleete"," 1"," 0.582"," 0.00772"," 0.324"," 0.689"," 0.967"," 0.06"," 0.176"," "
"Alejandro Fernandez"," 1"," 0.682"," 0.858"," 0.0708"," 0.245"," 0.0"," 0.104"," 0.753"," "
"Aleksanteri Hakaniemi"," 3"," 0.7593333333333333"," 0.8333333333333334"," 0.07196666666666666"," 0.040600000000000004"," 0.0"," 0.0742"," 0.739"," "
"Alessia Cara"," 1"," 0.314"," 0.555"," 0.37"," 0.157"," 0.000108"," 0.067"," 0.159"," "
"Alesso"," 1"," 0.761"," 0.785"," 0.0505"," 0.234"," 0.237"," 0.0573"," 0.58"," "
"Alex Sensation"," 1"," 0.771"," 0.835"," 0.0507"," 0.13"," 0.0"," 0.0601"," 0.817"," "
"Aleyna Tilki"," 2"," 0.736"," 0.659"," 0.0373"," 0.104"," 0.00141"," 0.147"," 0.538"," "
"Ali B"," 1"," 0.778"," 0.752"," 0.0567"," 0.0193"," 0.0"," 0.288"," 0.505"," "
"Alice Merton"," 1"," 0.863"," 0.656"," 0.104"," 0.264"," 0.00495"," 0.0712"," 0.821"," "
"Alle Farben"," 2"," 0.752"," 0.706"," 0.03625"," 0.24015"," 0.012067"," 0.07050000000000001"," 0.6515"," "
"ALMA"," 2"," 0.773"," 0.743"," 0.07264999999999999"," 0.3185"," 5.85e-06"," 0.268"," 0.48750000000000004"," "
"Alok"," 4"," 0.70625"," 0.6935"," 0.034875"," 0.28717499999999996"," 0.0026766025"," 0.09995000000000001"," 0.43775"," "
"Alonzo"," 1"," 0.519"," 0.843"," 0.189"," 0.0158"," 6.42e-06"," 0.245"," 0.556"," "
"Amedeo Preziosi"," 1"," 0.72"," 0.826"," 0.117"," 0.133"," 0.0"," 0.133"," 0.333"," "
"Amenazzy"," 1"," 0.805"," 0.48"," 0.211"," 0.242"," 0.00381"," 0.0978"," 0.262"," "
"Amin√©"," 3"," 0.9459999999999998"," 0.34900000000000003"," 0.488"," 0.21566666666666667"," 0.0"," 0.19933333333333333"," 0.705"," "
"Amy Shark"," 1"," 0.592"," 0.438"," 0.0391"," 0.193"," 0.0"," 0.0564"," 0.259"," "
"Andy Grammer"," 1"," 0.822"," 0.544"," 0.0332"," 0.562"," 2.4e-05"," 0.144"," 0.861"," "
"Andy Williams"," 1"," 0.24"," 0.598"," 0.037"," 0.766"," 0.0"," 0.117"," 0.776"," "
"Anita Kerr Singers"," 1"," 0.741"," 0.326"," 0.0395"," 0.918"," 0.0"," 0.0658"," 0.751"," "
"Anitta"," 4"," 0.7909999999999999"," 0.7110000000000001"," 0.116925"," 0.16185000000000002"," 0.04777974"," 0.13655"," 0.7334999999999999"," "
"Anne-Marie"," 1"," 0.698"," 0.882"," 0.0863"," 0.127"," 0.0"," 0.15"," 0.445"," "
"Anniina"," 1"," 0.759"," 0.715"," 0.0762"," 0.486"," 1.21e-06"," 0.254"," 0.495"," "
"Anton Hagman"," 1"," 0.811"," 0.815"," 0.0628"," 0.0154"," 0.0"," 0.0551"," 0.81"," "
"Antti Tuisku"," 10"," 0.6815999999999999"," 0.6744999999999999"," 0.06774"," 0.17573"," 0.000130739"," 0.11568"," 0.6228"," "
"Anuel Aa"," 2"," 0.71"," 0.6645"," 0.10974999999999999"," 0.6035"," 2.855e-06"," 0.08065"," 0.6085"," "
"Arcangel"," 2"," 0.8069999999999999"," 0.5545"," 0.277"," 0.3995"," 0.0"," 0.4775"," 0.589"," "
"Ariana Grande"," 4"," 0.562"," 0.6295"," 0.12195"," 0.08205"," 8.25e-07"," 0.19849999999999998"," 0.38375000000000004"," "
"Armada"," 2"," 0.5065"," 0.5425"," 0.03095"," 0.048714999999999994"," 0.0"," 0.3205"," 0.2615"," "
"Aron Can"," 11"," 0.735909090909091"," 0.4403636363636363"," 0.17834545454545456"," 0.30048181818181824"," 0.002802878181818182"," 0.15115454545454546"," 0.35725454545454544"," "
"Aron Hannes"," 2"," 0.729"," 0.69"," 0.04245"," 0.16399999999999998"," 0.0"," 0.34299999999999997"," 0.3425"," "
"Arttu Lindeman"," 4"," 0.676"," 0.7324999999999999"," 0.1389"," 0.229"," 9.2e-07"," 0.325025"," 0.58925"," "
"Arttu Wiskari"," 1"," 0.729"," 0.8"," 0.0694"," 0.033"," 0.0"," 0.436"," 0.859"," "
"Aste"," 1"," 0.771"," 0.873"," 0.11"," 0.442"," 0.0"," 0.235"," 0.428"," "
"Astrid S"," 4"," 0.70725"," 0.7262500000000001"," 0.10872499999999999"," 0.1271"," 4.5029999999999994e-05"," 0.122"," 0.49975"," "
"Attan"," 2"," 0.8225"," 0.5445"," 0.061200000000000004"," 0.3135"," 6.481999999999999e-05"," 0.1041"," 0.46499999999999997"," "
"Avicii"," 6"," 0.7120000000000001"," 0.677"," 0.057350000000000005"," 0.08263166666666667"," 0.0025360033333333334"," 0.06625"," 0.43783333333333335"," "
"Axwell /\ Ingrosso"," 4"," 0.64625"," 0.769"," 0.067425"," 0.107425"," 0.0"," 0.226925"," 0.57525"," "
"Ayse Hatun Onal"," 1"," 0.735"," 0.603"," 0.0338"," 0.0966"," 0.0619"," 0.0926"," 0.644"," "
"Azet"," 2"," 0.7295"," 0.868"," 0.1555"," 0.110555"," 5.2e-07"," 0.09090000000000001"," 0.625"," "
"Azzi Memo"," 1"," 0.713"," 0.781"," 0.16"," 0.268"," 0.0"," 0.0964"," 0.646"," "
"√ç sv√∂rtum f√∂tum"," 1"," 0.479"," 0.631"," 0.0276"," 0.00694"," 0.0"," 0.113"," 0.64"," "
"Baby K"," 1"," 0.756"," 0.67"," 0.0828"," 0.0871"," 0.0"," 0.169"," 0.674"," "
"Bad Bunny"," 8"," 0.8061250000000001"," 0.636125"," 0.1832875"," 0.448"," 0.00099125"," 0.11361249999999999"," 0.48175000000000007"," "
"Baggal√∫tur"," 1"," 0.475"," 0.744"," 0.0462"," 0.174"," 0.0"," 0.0621"," 0.925"," "
"Band Aid"," 1"," 0.599"," 0.642"," 0.0363"," 0.164"," 3.33e-05"," 0.0992"," 0.349"," "
"Basim"," 2"," 0.706"," 0.7195"," 0.09055"," 0.035845"," 0.0"," 0.11864999999999999"," 0.427"," "
"Bausa"," 1"," 0.874"," 0.487"," 0.0641"," 0.393"," 2.96e-05"," 0.0524"," 0.746"," "
"Bebe Rexha"," 1"," 0.643"," 0.783"," 0.0856"," 0.047"," 0.0"," 0.083"," 0.579"," "
"Becky G"," 1"," 0.743"," 0.855"," 0.0436"," 0.141"," 0.0045"," 0.099"," 0.871"," "
"Bedoes"," 1"," 0.583"," 0.572"," 0.0726"," 0.279"," 0.0"," 0.0927"," 0.728"," "
"Benash"," 1"," 0.715"," 0.703"," 0.165"," 0.367"," 0.0"," 0.147"," 0.569"," "
"Benjamin Ingrosso"," 1"," 0.574"," 0.742"," 0.0955"," 0.0621"," 0.0"," 0.262"," 0.409"," "
"Benji & Fede"," 1"," 0.753"," 0.775"," 0.0805"," 0.0279"," 0.0"," 0.11"," 0.646"," "
"BESS"," 1"," 0.958"," 0.774"," 0.0443"," 0.211"," 0.381"," 0.073"," 0.69"," "
"Big Sean"," 4"," 0.6970000000000001"," 0.614"," 0.24249999999999997"," 0.195275"," 2.625e-07"," 0.20475"," 0.297"," "
"Big Shaq"," 1"," 0.895"," 0.885"," 0.268"," 0.11"," 4.04e-05"," 0.106"," 0.633"," "
"Bing Crosby"," 2"," 0.48250000000000004"," 0.193"," 0.04175"," 0.7210000000000001"," 0.1765"," 0.21815"," 0.375"," "
"Birgitta Haukdal"," 1"," 0.818"," 0.416"," 0.0295"," 0.0434"," 2.86e-05"," 0.0615"," 0.85"," "
"Birnir"," 2"," 0.7615"," 0.4895"," 0.23550000000000001"," 0.12480000000000001"," 5.55e-05"," 0.10525"," 0.6154999999999999"," "
"Bj√∂rgvin Halld√≥rsson"," 1"," 0.612"," 0.443"," 0.0263"," 0.212"," 0.000142"," 0.285"," 0.641"," "
"BLACKPINK"," 1"," 0.786"," 0.853"," 0.0816"," 0.0688"," 0.0"," 0.0759"," 0.45"," "
"Blanche"," 1"," 0.607"," 0.449"," 0.027"," 0.234"," 7.31e-06"," 0.208"," 0.142"," "
"Bobby Helms"," 1"," 0.741"," 0.34"," 0.0446"," 0.614"," 0.0"," 0.0955"," 0.838"," "
"Boef"," 10"," 0.7148999999999999"," 0.8131999999999999"," 0.28717999999999994"," 0.22206"," 0.0"," 0.15319999999999998"," 0.6154999999999999"," "
"Bonez MC"," 1"," 0.766"," 0.8"," 0.0938"," 0.16"," 1.6e-05"," 0.0744"," 0.635"," "
"Booba"," 11"," 0.779"," 0.7158181818181818"," 0.18656363636363638"," 0.49345454545454553"," 0.0016694345454545461"," 0.09750909090909089"," 0.5182727272727272"," "
"Brenda Lee"," 1"," 0.703"," 0.407"," 0.0504"," 0.706"," 0.0"," 0.45"," 0.849"," "
"Britney Spears"," 1"," 0.665"," 0.844"," 0.0273"," 0.171"," 0.0"," 0.225"," 0.665"," "
"Broederliefde"," 9"," 0.7188888888888889"," 0.6471111111111111"," 0.2501888888888889"," 0.16170888888888887"," 2.0155555555555554e-06"," 0.12212222222222222"," 0.5064444444444445"," "
"Bruce Springsteen"," 1"," 0.355"," 0.668"," 0.0482"," 0.362"," 1.23e-06"," 0.727"," 0.413"," "
"Bruninho & Davi"," 1"," 0.585"," 0.984"," 0.109"," 0.357"," 0.0"," 0.91"," 0.683"," "
"Bruno Mars"," 4"," 0.73825"," 0.699"," 0.066325"," 0.065375"," 0.0"," 0.08797500000000001"," 0.6797500000000001"," "
"Bryant Myers"," 1"," 0.662"," 0.628"," 0.0468"," 0.145"," 0.0"," 0.274"," 0.202"," "
"BTS"," 4"," 0.6002500000000001"," 0.8047500000000001"," 0.096275"," 0.01845"," 4.2e-07"," 0.205925"," 0.56625"," "
"Burak King"," 2"," 0.558"," 0.6114999999999999"," 0.0586"," 0.16060000000000002"," 0.00078"," 0.186"," 0.595"," "
"Burak Yeter"," 2"," 0.84"," 0.642"," 0.0749"," 0.01575"," 0.0441"," 0.0557"," 0.6575"," "
"Burhan G"," 1"," 0.565"," 0.639"," 0.0301"," 0.385"," 0.0"," 0.105"," 0.427"," "
"Burl Ives"," 1"," 0.674"," 0.37"," 0.0309"," 0.616"," 0.0"," 0.0781"," 0.862"," "
"Bushido"," 3"," 0.587"," 0.7546666666666666"," 0.455"," 0.23399999999999999"," 0.0"," 0.08873333333333333"," 0.6030000000000001"," "
"C. Tangana"," 1"," 0.836"," 0.731"," 0.133"," 0.238"," 2.19e-05"," 0.0698"," 0.473"," "
"Calcutta "," 1"," 0.653"," 0.428"," 0.0405"," 0.463"," 0.0"," 0.0706"," 0.326"," "
"Cali Y El Dandee"," 1"," 0.724"," 0.84"," 0.0392"," 0.053"," 0.0"," 0.727"," 0.835"," "
"Calvin Harris"," 4"," 0.796"," 0.8119999999999999"," 0.052199999999999996"," 0.288425"," 9.905e-06"," 0.190825"," 0.6075"," "
"CamelPhat"," 1"," 0.706"," 0.74"," 0.0325"," 0.0245"," 0.512"," 0.135"," 0.444"," "
"Camila Cabello"," 3"," 0.6176666666666667"," 0.571"," 0.14876666666666669"," 0.306"," 2.0266666666666667e-05"," 0.13333333333333333"," 0.4566666666666666"," "
"Caparezza"," 1"," 0.683"," 0.729"," 0.0344"," 0.00572"," 0.00332"," 0.0507"," 0.862"," "
"Capo"," 1"," 0.512"," 0.719"," 0.0553"," 0.0377"," 0.0"," 0.312"," 0.146"," "
"Capo Plaza"," 2"," 0.6205"," 0.6379999999999999"," 0.3175"," 0.3355"," 0.0"," 0.1875"," 0.16015000000000001"," "
"Cardi B"," 2"," 0.919"," 0.6345000000000001"," 0.142"," 0.033951999999999996"," 0.0004115"," 0.353"," 0.2783"," "
"Carlos Vives"," 3"," 0.742"," 0.902"," 0.0758"," 0.1236"," 7.733333333333333e-07"," 0.35366666666666663"," 0.757"," "
"Carmon"," 1"," 0.735"," 0.789"," 0.073"," 0.319"," 1.08e-05"," 0.0996"," 0.683"," "
"Cazzu"," 1"," 0.834"," 0.753"," 0.0486"," 0.342"," 0.0"," 0.108"," 0.462"," "
"Ceky Viciny"," 1"," 0.866"," 0.838"," 0.125"," 0.172"," 0.00177"," 0.245"," 0.597"," "
"Cesare Cremonini"," 1"," 0.238"," 0.618"," 0.0373"," 0.0137"," 0.0"," 0.0727"," 0.206"," "
"Ceylan Ertem"," 1"," 0.552"," 0.881"," 0.0452"," 0.167"," 2.99e-06"," 0.346"," 0.872"," "
"Cezinando"," 2"," 0.5435"," 0.439"," 0.1285"," 0.218"," 3.86e-05"," 0.11699999999999999"," 0.3405"," "
"CHANO"," 1"," 0.608"," 0.859"," 0.185"," 0.115"," 0.0"," 0.325"," 0.8"," "
"Chanyeol"," 1"," 0.314"," 0.526"," 0.0484"," 0.428"," 0.0"," 0.126"," 0.195"," "
"Charlie Charles"," 2"," 0.738"," 0.8295"," 0.208"," 0.0496"," 0.0"," 0.08635000000000001"," 0.6935"," "
"Charlie Puth"," 4"," 0.8034999999999999"," 0.60025"," 0.084025"," 0.269225"," 8.7025e-06"," 0.105575"," 0.6995"," "
"Charly Black"," 1"," 0.723"," 0.889"," 0.0939"," 0.0673"," 0.0"," 0.363"," 0.701"," "
"Charmaine Fong"," 2"," 0.577"," 0.4405"," 0.032299999999999995"," 0.7965"," 0.0"," 0.10665"," 0.27549999999999997"," "
"Chase"," 1"," 0.909"," 0.585"," 0.184"," 0.0523"," 0.0"," 0.0824"," 0.658"," "
"Cheat Codes"," 1"," 0.741"," 0.667"," 0.134"," 0.0575"," 0.0"," 0.106"," 0.595"," "
"Cheek"," 7"," 0.6494285714285715"," 0.7145714285714285"," 0.1214857142857143"," 0.1677714285714286"," 0.0"," 0.2467"," 0.4904285714285714"," "
"Childish Gambino"," 1"," 0.745"," 0.356"," 0.0941"," 0.172"," 0.00943"," 0.123"," 0.607"," "
"Chino & Nacho"," 1"," 0.68"," 0.954"," 0.119"," 0.0244"," 0.0"," 0.112"," 0.521"," "
"Chris Brown"," 1"," 0.614"," 0.598"," 0.0561"," 0.00543"," 0.0"," 0.1"," 0.565"," "
"Chris Jeday"," 1"," 0.708"," 0.693"," 0.138"," 0.246"," 0.0"," 0.129"," 0.427"," "
"Chris Kl√§fford"," 2"," 0.4345"," 0.42799999999999994"," 0.0337"," 0.4823"," 9.1e-07"," 0.164"," 0.3795"," "
"Chris Rea"," 1"," 0.603"," 0.705"," 0.0328"," 0.556"," 0.000123"," 0.342"," 0.89"," "
"Christian Nodal"," 2"," 0.546"," 0.47050000000000003"," 0.0315"," 0.368"," 0.0"," 0.2075"," 0.6665"," "
"Citybois"," 2"," 0.759"," 0.668"," 0.06609999999999999"," 0.10045"," 0.0"," 0.09235"," 0.6970000000000001"," "
"Clean Bandit"," 3"," 0.6883333333333334"," 0.6833333333333332"," 0.0514"," 0.30333333333333334"," 6.59e-06"," 0.13663333333333333"," 0.5096666666666667"," "
"CNCO"," 3"," 0.6933333333333334"," 0.8546666666666667"," 0.0823"," 0.19496666666666665"," 0.0"," 0.2214333333333333"," 0.6023333333333333"," "
"Coez"," 4"," 0.7044999999999999"," 0.5075000000000001"," 0.039525"," 0.42925"," 5.45e-07"," 0.4375"," 0.42775"," "
"Coldplay"," 4"," 0.39275000000000004"," 0.50525"," 0.03215"," 0.319"," 0.0006633275"," 0.15165"," 0.23374999999999999"," "
"Cromo"," 1"," 0.662"," 0.656"," 0.123"," 0.0514"," 0.0"," 0.152"," 0.244"," "
"Crowd Lu"," 1"," 0.666"," 0.217"," 0.0335"," 0.786"," 0.0"," 0.0766"," 0.395"," "
"–≠–ª–¥–∂–µ–π"," 1"," 0.831"," 0.719"," 0.0545"," 0.318"," 0.000663"," 0.107"," 0.329"," "
"Dƒ>tsk√Ω sbor Camerata"," 3"," 0.463"," 0.21596666666666664"," 0.042733333333333325"," 0.8706666666666667"," 0.0"," 0.22466666666666665"," 0.532"," "
"Da√∞i Freyr"," 2"," 0.84"," 0.537"," 0.0633"," 0.0591"," 0.0011865"," 0.06965"," 0.66"," "
"Daddy Yankee"," 3"," 0.7713333333333333"," 0.6743333333333332"," 0.12639999999999998"," 0.12666666666666668"," 0.0"," 0.1677"," 0.6596666666666667"," "
"Dadju"," 2"," 0.5265"," 0.5375000000000001"," 0.15055"," 0.5415"," 0.0"," 0.0911"," 0.7105"," "
"Dame 5"," 1"," 0.771"," 0.906"," 0.0506"," 0.0208"," 5.54e-05"," 0.304"," 0.433"," "
"Damso"," 10"," 0.7295"," 0.6083000000000001"," 0.13741"," 0.32374"," 5.2176e-05"," 0.08721"," 0.43970000000000004"," "
"Danny Ocean"," 3"," 0.7639999999999999"," 0.7806666666666667"," 0.07183333333333335"," 0.043199999999999995"," 0.0"," 0.0636"," 0.441"," "
"DAOKO√-Á±≥Ê¥•Á?""Â∏´"," 2"," 0.63"," 0.6675"," 0.025099999999999997"," 0.2475"," 0.0"," 0.1075"," 0.27649999999999997"," "
"Dark Polo Gang"," 15"," 0.7456666666666666"," 0.5486666666666667"," 0.14763333333333334"," 0.19675333333333328"," 0.0002977193333333334"," 0.18728666666666668"," 0.36190666666666654"," "
"Daryl Hall & John Oates"," 1"," 0.666"," 0.841"," 0.0312"," 0.613"," 0.0"," 0.113"," 0.84"," "
"Dasoul"," 1"," 0.817"," 0.804"," 0.0651"," 0.137"," 1.4e-05"," 0.0917"," 0.57"," "
"David Guetta"," 1"," 0.548"," 0.65"," 0.0591"," 0.219"," 0.0"," 0.225"," 0.557"," "
"De Vet Du"," 1"," 0.764"," 0.732"," 0.127"," 0.0873"," 3.24e-05"," 0.338"," 0.826"," "
"Dear Jane"," 1"," 0.458"," 0.755"," 0.0344"," 0.00404"," 0.0"," 0.326"," 0.352"," "
"Deeperise"," 1"," 0.664"," 0.422"," 0.0413"," 0.21"," 0.00485"," 0.0968"," 0.206"," "
"Demarco Flamenco"," 1"," 0.593"," 0.785"," 0.131"," 0.455"," 0.0"," 0.0682"," 0.765"," "
"Demi Lovato"," 4"," 0.703"," 0.63225"," 0.24575"," 0.02265"," 0.0"," 0.27749999999999997"," 0.8667499999999999"," "
"Dimitri Vegas & Like Mike"," 5"," 0.5955999999999999"," 0.9014"," 0.07905999999999999"," 0.057046"," 0.12907200000000002"," 0.21939999999999998"," 0.4888"," "
"DJ Jonathan"," 1"," 0.726"," 0.705"," 0.0636"," 0.247"," 0.0"," 0.409"," 0.39"," "
"DJ Khaled"," 3"," 0.6263333333333333"," 0.669"," 0.0474"," 0.04713333333333333"," 0.0"," 0.1396666666666667"," 0.7533333333333334"," "
"DJ Snake"," 1"," 0.476"," 0.718"," 0.0576"," 0.0784"," 1.02e-05"," 0.122"," 0.142"," "
"Don Omar"," 2"," 0.5805"," 0.8674999999999999"," 0.17115000000000002"," 0.1048"," 1.05e-05"," 0.11665"," 0.7484999999999999"," "
"Donny Montell"," 1"," 0.701"," 0.942"," 0.052"," 0.107"," 1.77e-06"," 0.119"," 0.182"," "
"Dopebwoy"," 1"," 0.849"," 0.778"," 0.217"," 0.0358"," 1.43e-06"," 0.126"," 0.634"," "
"Drake"," 18"," 0.8041666666666667"," 0.5102222222222221"," 0.14696666666666666"," 0.15678555555555554"," 0.0384298"," 0.22267222222222227"," 0.34168333333333334"," "
"DRAM"," 1"," 0.886"," 0.525"," 0.131"," 0.236"," 0.0"," 0.057"," 0.708"," "
"Dua Lipa"," 2"," 0.7989999999999999"," 0.622"," 0.08185"," 0.021455000000000002"," 7.8e-06"," 0.1177"," 0.5589999999999999"," "
"Duki"," 1"," 0.854"," 0.556"," 0.14"," 0.345"," 0.0"," 0.165"," 0.342"," "
"Eason Chan"," 1"," 0.295"," 0.269"," 0.0408"," 0.747"," 0.0"," 0.28"," 0.559"," "
"Ed Sheeran"," 18"," 0.6467222222222222"," 0.5587777777777778"," 0.06987222222222222"," 0.40631111111111107"," 2.641111111111111e-05"," 0.1330944444444444"," 0.5309444444444443"," "
"Edis"," 1"," 0.758"," 0.783"," 0.0652"," 0.0256"," 0.0"," 0.104"," 0.61"," "
"Ego"," 8"," 0.654125"," 0.799875"," 0.21484999999999999"," 0.1225375"," 0.0"," 0.33425"," 0.5458750000000001"," "
"El Alfa"," 4"," 0.76875"," 0.938"," 0.114525"," 0.23895"," 0.21896749999999998"," 0.13425"," 0.56225"," "
"El Nene La amenaza"," 2"," 0.774"," 0.5369999999999999"," 0.162"," 0.373"," 0.002155"," 0.13275"," 0.274"," "
"Ellinoora"," 1"," 0.54"," 0.623"," 0.0346"," 0.327"," 0.0859"," 0.208"," 0.476"," "
"Elton John"," 1"," 0.532"," 0.926"," 0.0357"," 0.112"," 9.84e-06"," 0.318"," 0.814"," "
"Eminem"," 9"," 0.6682222222222223"," 0.6844444444444444"," 0.31499999999999995"," 0.3706777777777778"," 0.0"," 0.3780222222222222"," 0.5528888888888889"," "
"Emmsj√© Gauti"," 4"," 0.8185"," 0.62525"," 0.231"," 0.07445"," 2.65e-07"," 0.110375"," 0.46625"," "
"Enrico Nigiotti"," 2"," 0.4075"," 0.6915"," 0.0641"," 0.203"," 2.56e-06"," 0.182"," 0.3105"," "
"Enrique Iglesias"," 1"," 0.684"," 0.823"," 0.0773"," 0.0744"," 0.0"," 0.111"," 0.647"," "
"Equalz"," 2"," 0.7985"," 0.7170000000000001"," 0.17265"," 0.325"," 2.73e-05"," 0.09295"," 0.821"," "
"Eric Chou"," 1"," 0.439"," 0.477"," 0.0307"," 0.643"," 0.0"," 0.114"," 0.535"," "
"Ermal Meta"," 1"," 0.531"," 0.909"," 0.048"," 0.0187"," 0.0"," 0.273"," 0.608"," "
"Ersay √?ner"," 1"," 0.653"," 0.468"," 0.0486"," 0.489"," 0.0"," 0.21"," 0.688"," "
"Evelina"," 3"," 0.637"," 0.7953333333333333"," 0.11896666666666667"," 0.26866666666666666"," 3.1033333333333334e-06"," 0.25566666666666665"," 0.5746666666666668"," "
"Ewert and the Two Dragons"," 1"," 0.648"," 0.727"," 0.0555"," 0.0203"," 0.000978"," 0.11"," 0.714"," "
"Exiled"," 1"," 0.494"," 0.693"," 0.0523"," 0.0129"," 0.000336"," 0.965"," 0.461"," "
"EXO"," 2"," 0.7525"," 0.8514999999999999"," 0.05235"," 0.035"," 3.6599999999999995e-05"," 0.06745000000000001"," 0.7025"," "
"Eyj√≥lfur Kristj√°nsson"," 1"," 0.605"," 0.615"," 0.0351"," 0.371"," 2.34e-06"," 0.121"," 0.439"," "
"Eypio"," 1"," 0.761"," 0.431"," 0.0969"," 0.374"," 0.00309"," 0.112"," 0.327"," "
"Ezhel"," 5"," 0.82"," 0.5562"," 0.3544"," 0.43899999999999995"," 6.18e-05"," 0.18636000000000003"," 0.3948"," "
"F1rstman"," 1"," 0.785"," 0.666"," 0.0468"," 0.309"," 0.0"," 0.338"," 0.76"," "
"Fabio Rovazzi"," 2"," 0.7285"," 0.8180000000000001"," 0.0501"," 0.014114999999999999"," 1.825e-06"," 0.1938"," 0.4745"," "
"Fabri Fibra"," 1"," 0.658"," 0.763"," 0.155"," 0.00722"," 0.0"," 0.118"," 0.444"," "
"Fabrizio Moro"," 1"," 0.529"," 0.484"," 0.0308"," 0.133"," 0.0"," 0.104"," 0.281"," "
"Famke Louise"," 2"," 0.7625"," 0.495"," 0.0804"," 0.3655"," 0.0188"," 0.08285000000000001"," 0.5085000000000001"," "
"Farruko"," 4"," 0.762"," 0.587"," 0.099325"," 0.07577500000000001"," 0.0"," 0.158"," 0.41025"," "
"Fattah Amin"," 1"," 0.531"," 0.593"," 0.0305"," 0.467"," 0.0"," 0.209"," 0.23"," "
"Felipe Pel√°ez"," 1"," 0.797"," 0.777"," 0.0772"," 0.237"," 0.0"," 0.128"," 0.575"," "
"Felix Jaehn"," 1"," 0.755"," 0.719"," 0.0421"," 0.000875"," 1.53e-05"," 0.326"," 0.813"," "
"Fie Laursen"," 2"," 0.7875"," 0.7795"," 0.0785"," 0.33499999999999996"," 0.0"," 0.08940000000000001"," 0.475"," "
"Fiorella Mannoia"," 1"," 0.537"," 0.775"," 0.112"," 0.134"," 0.0"," 0.119"," 0.382"," "
"Floni"," 11"," 0.692090909090909"," 0.5685454545454545"," 0.06697272727272727"," 0.089514"," 0.05860935636363637"," 0.15957272727272728"," 0.37747272727272735"," "
"FM95BL√-"," 1"," 0.495"," 0.542"," 0.0351"," 0.263"," 0.0"," 0.103"," 0.313"," "
"FO&O"," 1"," 0.559"," 0.729"," 0.0315"," 0.0278"," 0.0"," 0.284"," 0.747"," "
"Fouli"," 1"," 0.667"," 0.802"," 0.32"," 0.159"," 0.0"," 0.291"," 0.734"," "
"France Gall"," 1"," 0.677"," 0.856"," 0.0506"," 0.498"," 2.64e-05"," 0.0659"," 0.949"," "
"Francesco Gabbani"," 1"," 0.668"," 0.834"," 0.0758"," 0.0428"," 3.23e-06"," 0.104"," 0.565"," "
"Frank Sinatra"," 1"," 0.603"," 0.321"," 0.0599"," 0.881"," 0.0"," 0.34"," 0.844"," "
"Freddy Kalas"," 1"," 0.726"," 0.589"," 0.0528"," 0.173"," 0.0"," 0.0742"," 0.577"," "
"French Montana"," 2"," 0.726"," 0.769"," 0.123"," 0.0293"," 0.0101"," 0.104"," 0.733"," "
"Frenna"," 4"," 0.7737499999999999"," 0.6827500000000001"," 0.185"," 0.18775"," 1.3075e-06"," 0.1533"," 0.71975"," "
"Fri√∞rik D√≥r"," 1"," 0.564"," 0.494"," 0.0696"," 0.0338"," 0.0"," 0.0802"," 0.301"," "
"Future"," 1"," 0.833"," 0.434"," 0.431"," 0.0102"," 0.0219"," 0.165"," 0.281"," "
"G-Eazy"," 5"," 0.6838"," 0.755"," 0.17492000000000002"," 0.026968000000000002"," 0.0"," 0.16868"," 0.353"," "
"G.a.R."," 1"," 0.756"," 0.698"," 0.382"," 0.0354"," 0.0"," 0.345"," 0.193"," "
"G.E.M."," 1"," 0.539"," 0.668"," 0.0825"," 0.4"," 0.0"," 0.0864"," 0.238"," "
"Gabrielle"," 1"," 0.778"," 0.752"," 0.0449"," 0.143"," 1.21e-05"," 0.0917"," 0.388"," "
"Gasellit"," 1"," 0.8"," 0.709"," 0.142"," 0.284"," 1.37e-05"," 0.15"," 0.586"," "
"Gazapizm"," 1"," 0.632"," 0.843"," 0.1"," 0.397"," 0.0"," 0.132"," 0.339"," "
"Geisha Cartel"," 1"," 0.846"," 0.695"," 0.0681"," 0.392"," 0.000264"," 0.125"," 0.739"," "
"Gemitaiz"," 2"," 0.6924999999999999"," 0.7215"," 0.1497"," 0.11745"," 0.0"," 0.0996"," 0.48"," "
"Gest√∂rt aber GeiL"," 1"," 0.748"," 0.755"," 0.0563"," 0.04"," 0.00244"," 0.0749"," 0.314"," "
"Ghali"," 8"," 0.75775"," 0.7398750000000001"," 0.080075"," 0.2303875"," 0.0012856649999999999"," 0.1294625"," 0.5565"," "
"Gigolo Y La Exce"," 1"," 0.714"," 0.624"," 0.0651"," 0.39"," 0.0"," 0.12"," 0.5"," "
"Gilli"," 5"," 0.7298"," 0.6798"," 0.10164"," 0.18014"," 4.082e-05"," 0.16238"," 0.6355999999999999"," "
"Goldy Boy"," 1"," 0.751"," 0.485"," 0.249"," 0.408"," 0.0"," 0.0863"," 0.534"," "
"Greeicy"," 1"," 0.8"," 0.681"," 0.0912"," 0.14"," 0.0"," 0.0831"," 0.637"," "
"Gucci Mane"," 1"," 0.89"," 0.633"," 0.168"," 0.0232"," 0.000343"," 0.0993"," 0.425"," "
"Gue Pequeno"," 11"," 0.7783636363636363"," 0.5925454545454546"," 0.1299090909090909"," 0.21001818181818183"," 0.00013952727272727273"," 0.21557272727272728"," 0.49663636363636354"," "
"Gulddreng"," 8"," 0.6905000000000001"," 0.607375"," 0.0638125"," 0.20248750000000001"," 0.0"," 0.19024999999999997"," 0.6204999999999999"," "
"Gusttavo Lima"," 1"," 0.708"," 0.82"," 0.0839"," 0.12"," 0.0"," 0.131"," 0.654"," "
"Hadise"," 1"," 0.779"," 0.829"," 0.0501"," 0.00748"," 2.3e-06"," 0.0546"," 0.506"," "
"Hailee Steinfeld"," 2"," 0.6475"," 0.675"," 0.09204999999999999"," 0.20515"," 0.0"," 0.08945"," 0.611"," "
"Haloo Helsinki!"," 3"," 0.5206666666666667"," 0.7573333333333334"," 0.062099999999999995"," 0.023396666666666666"," 0.0006267333333333334"," 0.252"," 0.3523333333333334"," "
"Halsey"," 2"," 0.6665000000000001"," 0.58"," 0.0406"," 0.10350000000000001"," 2.135e-06"," 0.132"," 0.4525"," "
"Hande Yener"," 1"," 0.741"," 0.86"," 0.0348"," 0.012"," 1.89e-06"," 0.38"," 0.761"," "
"Hans Zimmer"," 1"," 0.635"," 0.917"," 0.0379"," 0.00112"," 0.468"," 0.1"," 0.341"," "
"Harry Styles"," 2"," 0.517"," 0.585"," 0.03075"," 0.0267"," 0.0"," 0.109"," 0.2155"," "
"Hearts & Colors"," 1"," 0.595"," 0.662"," 0.0362"," 0.0178"," 0.0"," 0.0804"," 0.417"," "
"Helgi Bj√∂rnsson"," 1"," 0.455"," 0.553"," 0.0267"," 0.0963"," 1.02e-06"," 0.116"," 0.555"," "
"Henri PFR"," 1"," 0.655"," 0.811"," 0.0545"," 0.0744"," 0.0"," 0.137"," 0.313"," "
"Henrique & Diego"," 2"," 0.6495"," 0.921"," 0.0698"," 0.33699999999999997"," 0.0"," 0.955"," 0.7335"," "
"Henrique & Juliano"," 2"," 0.648"," 0.833"," 0.258"," 0.196"," 0.0"," 0.313"," 0.691"," "
"Herra Hnetusmj√∂r"," 6"," 0.8046666666666669"," 0.7175000000000001"," 0.29783333333333334"," 0.07048166666666666"," 5.283333333333333e-06"," 0.1933"," 0.661"," "
"Herrat"," 1"," 0.721"," 0.84"," 0.039"," 0.0331"," 0.0"," 0.244"," 0.387"," "
"Hesa√""ij√§"," 1"," 0.719"," 0.861"," 0.0457"," 0.187"," 0.0"," 0.167"," 0.858"," "
"Hkeem"," 1"," 0.502"," 0.693"," 0.254"," 0.226"," 0.0"," 0.0774"," 0.387"," "
"Hones-T"," 2"," 0.7669999999999999"," 0.7915"," 0.045700000000000005"," 0.040165000000000006"," 1.32e-06"," 0.1144"," 0.41800000000000004"," "
"Hornet La Frappe"," 2"," 0.8345"," 0.6970000000000001"," 0.134"," 0.4195"," 0.0"," 0.19"," 0.3155"," "
"Hov1"," 4"," 0.67075"," 0.722"," 0.22290000000000001"," 0.072725"," 0.0"," 0.14675"," 0.6042500000000001"," "
"Huncho Jack"," 5"," 0.7766"," 0.6868000000000001"," 0.11905999999999999"," 0.015942"," 0.0005819999999999999"," 0.14043999999999998"," 0.34639999999999993"," "
"IAmChino"," 1"," 0.761"," 0.829"," 0.0681"," 0.167"," 0.0"," 0.189"," 0.813"," "
"Ian Erix"," 1"," 0.553"," 0.901"," 0.0565"," 0.000469"," 0.0"," 0.14"," 0.38"," "
"Ida Paul & Kalle Lindroth"," 1"," 0.775"," 0.506"," 0.0729"," 0.196"," 0.0"," 0.103"," 0.822"," "
"Idina Menzel"," 1"," 0.553"," 0.476"," 0.0649"," 0.647"," 0.0"," 0.281"," 0.558"," "
"Iggy Azalea"," 1"," 0.914"," 0.624"," 0.0531"," 0.00348"," 0.00389"," 0.395"," 0.346"," "
"Imagine Dragons"," 6"," 0.65"," 0.754"," 0.06945"," 0.02685833333333333"," 0.060001468333333335"," 0.13883333333333334"," 0.42695"," "
"Ina Wroldsen"," 1"," 0.538"," 0.595"," 0.112"," 0.0874"," 6.48e-06"," 0.161"," 0.334"," "
"Inigo Pascual"," 1"," 0.764"," 0.894"," 0.0327"," 0.227"," 0.0"," 0.0906"," 0.963"," "
"Isaiah"," 1"," 0.433"," 0.745"," 0.0377"," 0.221"," 0.0"," 0.0981"," 0.588"," "
"ItaloBrothers"," 1"," 0.755"," 0.751"," 0.0748"," 0.0635"," 0.0"," 0.0812"," 0.491"," "
"J Balvin"," 7"," 0.719857142857143"," 0.7312857142857142"," 0.15112857142857142"," 0.20775714285714292"," 0.00039308857142857144"," 0.1882857142857143"," 0.6517142857142858"," "
"J HUS"," 1"," 0.579"," 0.579"," 0.394"," 0.387"," 0.0"," 0.17"," 0.842"," "
"J-AX"," 7"," 0.622"," 0.6737142857142856"," 0.10805714285714285"," 0.12105714285714286"," 0.0"," 0.11344285714285715"," 0.49885714285714283"," "
"J√≥iP√©"," 9"," 0.8302222222222223"," 0.5698888888888889"," 0.1923777777777778"," 0.1905111111111111"," 0.003738757777777778"," 0.10906666666666667"," 0.5874444444444445"," "
"Jairzinho"," 1"," 0.861"," 0.881"," 0.168"," 0.137"," 0.00379"," 0.0938"," 0.834"," "
"Jake La Furia"," 1"," 0.678"," 0.81"," 0.0342"," 0.00429"," 0.0"," 0.0597"," 0.57"," "
"James Arthur"," 1"," 0.358"," 0.557"," 0.059"," 0.695"," 0.0"," 0.0902"," 0.494"," "
"James Hype"," 1"," 0.81"," 0.885"," 0.108"," 0.101"," 0.0"," 0.268"," 0.447"," "
"Janne Ord√©n"," 1"," 0.645"," 0.783"," 0.164"," 0.182"," 0.0"," 0.16"," 0.631"," "
"Jari Sillanp√§√§"," 1"," 0.582"," 0.692"," 0.0493"," 0.4"," 0.0"," 0.156"," 0.215"," "
"Jason Chan"," 1"," 0.626"," 0.392"," 0.0297"," 0.718"," 2.72e-06"," 0.141"," 0.252"," "
"Jason Derulo"," 2"," 0.7705"," 0.7629999999999999"," 0.0902"," 0.04915"," 0.0"," 0.1405"," 0.7010000000000001"," "
"Jax Jones"," 3"," 0.8799999999999999"," 0.6653333333333333"," 0.138"," 0.162"," 0.0"," 0.15423333333333333"," 0.6786666666666666"," "
"Jean Sibelius"," 1"," 0.181"," 0.188"," 0.0392"," 0.933"," 0.887"," 0.0989"," 0.041"," "
"Jebroer"," 2"," 0.6715"," 0.8935"," 0.0435"," 0.1238"," 0.0003094"," 0.1131"," 0.4885"," "
"Jenni Vartiainen"," 4"," 0.58375"," 0.6910000000000001"," 0.091075"," 0.233"," 9.25e-07"," 0.15065"," 0.59825"," "
"Jerry Smith"," 1"," 0.855"," 0.506"," 0.345"," 0.00579"," 0.0"," 0.101"," 0.699"," "
"Jesse & Joy"," 1"," 0.702"," 0.84"," 0.0879"," 0.0112"," 0.0"," 0.119"," 0.624"," "
"Jesu Br√∏dre"," 1"," 0.778"," 0.618"," 0.0338"," 0.00662"," 6.69e-05"," 0.121"," 0.2"," "
"Jia Jia"," 1"," 0.552"," 0.543"," 0.0277"," 0.421"," 0.0"," 0.107"," 0.181"," "
"Jimilian"," 2"," 0.7225"," 0.5305"," 0.0875"," 0.22949999999999998"," 0.0"," 0.0653"," 0.5315"," "
"JJ Hannon"," 1"," 0.564"," 0.627"," 0.0257"," 0.119"," 0.0"," 0.0952"," 0.586"," "
"JJ Lin"," 2"," 0.4585"," 0.508"," 0.0319"," 0.47800000000000004"," 0.0"," 0.0922"," 0.178"," "
"JLC"," 1"," 0.672"," 0.885"," 0.042"," 0.178"," 0.0"," 0.267"," 0.783"," "
"Joakim Lundell"," 6"," 0.6376666666666667"," 0.6735000000000001"," 0.11464999999999999"," 0.24960000000000002"," 0.0031020849999999997"," 0.15683333333333332"," 0.4443333333333334"," "
"Joey Christ"," 6"," 0.7886666666666665"," 0.7016666666666667"," 0.19594999999999999"," 0.05508333333333334"," 0.004457833333333334"," 0.18593333333333337"," 0.37666666666666665"," "
"Joey Montana"," 1"," 0.688"," 0.859"," 0.0609"," 0.186"," 0.0"," 0.121"," 0.695"," "
"John Lennon"," 1"," 0.328"," 0.607"," 0.0315"," 0.319"," 0.0"," 0.765"," 0.395"," "
"Johnny Hallyday"," 2"," 0.439"," 0.4405"," 0.05985"," 0.34255"," 0.0"," 0.224"," 0.355"," "
"Joker Xue"," 1"," 0.53"," 0.432"," 0.0472"," 0.399"," 7.81e-06"," 0.113"," 0.186"," "
"Jon Bellion"," 1"," 0.617"," 0.567"," 0.0828"," 0.0584"," 0.0"," 0.0933"," 0.505"," "
"Jon Henrik Fj√§llgren"," 1"," 0.171"," 0.674"," 0.036"," 0.0119"," 0.0"," 0.093"," 0.211"," "
"Jonas Blue"," 3"," 0.7406666666666667"," 0.791"," 0.045533333333333335"," 0.103"," 0.0"," 0.05303333333333334"," 0.5363333333333334"," "
"Jonna Fraser"," 3"," 0.8363333333333335"," 0.7656666666666667"," 0.12466666666666666"," 0.10546666666666667"," 0.0005419"," 0.1956"," 0.644"," "
"Jory Boy"," 1"," 0.748"," 0.69"," 0.0477"," 0.0353"," 0.0"," 0.315"," 0.433"," "
"Jos√© Feliciano"," 1"," 0.485"," 0.857"," 0.0442"," 0.534"," 0.0"," 0.347"," 0.963"," "
"Josylvio"," 1"," 0.726"," 0.691"," 0.275"," 0.626"," 0.0"," 0.0735"," 0.384"," "
"Jovanotti"," 1"," 0.663"," 0.868"," 0.156"," 0.244"," 0.0"," 0.287"," 0.687"," "
"JOWST"," 1"," 0.693"," 0.612"," 0.0941"," 0.117"," 0.0"," 0.0905"," 0.316"," "
"JP Cooper"," 1"," 0.623"," 0.654"," 0.0372"," 0.0545"," 0.0"," 0.0838"," 0.401"," "
"Juan Mag√°n"," 1"," 0.675"," 0.724"," 0.0787"," 0.0166"," 0.0"," 0.697"," 0.506"," "
"Juha Tapio"," 1"," 0.671"," 0.929"," 0.204"," 0.147"," 0.0"," 0.374"," 0.556"," "
"Juice"," 1"," 0.671"," 0.562"," 0.023"," 0.166"," 0.0"," 0.109"," 0.289"," "
"Jul"," 1"," 0.828"," 0.801"," 0.0924"," 0.286"," 9.67e-06"," 0.362"," 0.778"," "
"Julia Michaels"," 1"," 0.683"," 0.427"," 0.0777"," 0.368"," 0.0"," 0.0604"," 0.426"," "
"Julie"," 1"," 0.758"," 0.523"," 0.0339"," 0.0384"," 0.00236"," 0.12"," 0.794"," "
"Just D"," 1"," 0.637"," 0.701"," 0.0395"," 0.0819"," 0.0"," 0.466"," 0.891"," "
"Justin Bieber"," 3"," 0.7176666666666667"," 0.6716666666666667"," 0.040266666666666666"," 0.17320333333333335"," 0.0"," 0.23370000000000002"," 0.7173333333333334"," "
"Justin Timberlake"," 1"," 0.745"," 0.579"," 0.138"," 0.0354"," 0.0118"," 0.246"," 0.645"," "
"JVG"," 12"," 0.7353333333333333"," 0.7160833333333333"," 0.12653333333333336"," 0.1485458333333333"," 5.1648333333333345e-05"," 0.14514166666666667"," 0.545"," "
"Kaaris"," 3"," 0.761"," 0.6983333333333333"," 0.29286666666666666"," 0.4673333333333334"," 4.6e-07"," 0.13653333333333334"," 0.5513333333333333"," "
"Kaija Koo"," 1"," 0.689"," 0.635"," 0.0879"," 0.0126"," 0.0"," 0.296"," 0.811"," "
"Kalash"," 2"," 0.783"," 0.5385"," 0.0829"," 0.23249999999999998"," 0.0"," 0.1055"," 0.305"," "
"Kalben"," 1"," 0.475"," 0.318"," 0.0302"," 0.8"," 0.0"," 0.168"," 0.317"," "
"Kaliffa"," 2"," 0.6205"," 0.6495"," 0.0672"," 0.07225000000000001"," 7.884999999999999e-05"," 0.1"," 0.603"," "
"Kamferdrops"," 1"," 0.604"," 0.892"," 0.161"," 0.425"," 0.00279"," 0.211"," 0.615"," "
"Karol G"," 1"," 0.664"," 0.576"," 0.0349"," 0.0073"," 6.28e-05"," 0.0912"," 0.121"," "
"Karpe Diem"," 2"," 0.6455"," 0.5335000000000001"," 0.22240000000000001"," 0.404"," 0.000601"," 0.1453"," 0.2865"," "
"Katastrofe"," 1"," 0.718"," 0.782"," 0.0298"," 0.606"," 0.0"," 0.0473"," 0.389"," "
"Katja Krasavice"," 1"," 0.813"," 0.698"," 0.0716"," 0.124"," 2.55e-05"," 0.073"," 0.652"," "
"Katri Helena"," 1"," 0.55"," 0.275"," 0.0373"," 0.73"," 0.0"," 0.112"," 0.302"," "
"Katy Perry"," 4"," 0.729"," 0.757"," 0.084125"," 0.055525000000000005"," 2.9025e-05"," 0.1535"," 0.517"," "
"Kay One"," 3"," 0.7766666666666667"," 0.7173333333333334"," 0.1566666666666667"," 0.10406666666666665"," 0.0"," 0.076"," 0.7113333333333333"," "
"Keala Settle"," 1"," 0.284"," 0.704"," 0.186"," 0.00583"," 0.000115"," 0.0424"," 0.1"," "
"KeBlack"," 1"," 0.772"," 0.783"," 0.0353"," 0.336"," 0.0"," 0.163"," 0.71"," "
"Kendrick Lamar"," 12"," 0.6774999999999999"," 0.5756666666666667"," 0.2668166666666667"," 0.17502683333333335"," 0.008283559166666666"," 0.19285833333333335"," 0.48925"," "
"KESI"," 6"," 0.7403333333333334"," 0.6781666666666667"," 0.09400000000000001"," 0.14876666666666666"," 6.57e-06"," 0.12735"," 0.5996666666666667"," "
"Khalid"," 2"," 0.767"," 0.494"," 0.23354999999999998"," 0.2645"," 8.93e-05"," 0.1274"," 0.36"," "
"Kodak Black"," 2"," 0.6165"," 0.5465"," 0.258"," 0.061399999999999996"," 8.170000000000001e-05"," 0.123"," 0.40249999999999997"," "
"Kokab"," 1"," 0.648"," 0.832"," 0.0795"," 8.76e-05"," 5.18e-05"," 0.645"," 0.392"," "
"Kollegah"," 12"," 0.60375"," 0.7444166666666668"," 0.27275"," 0.142775"," 2.575e-07"," 0.20522500000000002"," 0.4565833333333334"," "
"Kr√≥li"," 1"," 0.895"," 0.478"," 0.23"," 0.073"," 0.00292"," 0.14"," 0.502"," "
"Kris Wu"," 1"," 0.677"," 0.697"," 0.0321"," 0.0198"," 0.0"," 0.144"," 0.61"," "
"Kristian Kostov"," 1"," 0.408"," 0.506"," 0.0355"," 0.419"," 0.0"," 0.108"," 0.213"," "
"Kungs"," 1"," 0.793"," 0.729"," 0.0394"," 0.08"," 3.1e-05"," 0.317"," 0.488"," "
"Kurt Nilsen"," 1"," 0.299"," 0.222"," 0.0323"," 0.877"," 0.0"," 0.112"," 0.36"," "
"Kygo"," 5"," 0.6365999999999999"," 0.5481999999999999"," 0.07232"," 0.2818"," 1.3510000000000001e-05"," 0.1565"," 0.46720000000000006"," "
"KYLE"," 1"," 0.746"," 0.653"," 0.289"," 0.378"," 0.0"," 0.229"," 0.672"," "
"Kyle Edwards"," 1"," 0.809"," 0.788"," 0.0457"," 0.354"," 0.0905"," 0.181"," 0.465"," "
"Kylie Minogue"," 1"," 0.675"," 0.384"," 0.0449"," 0.749"," 0.0"," 0.167"," 0.416"," "
"KZ Tandingan"," 1"," 0.37"," 0.434"," 0.0311"," 0.774"," 1.58e-06"," 0.0993"," 0.201"," "
"La La Land Cast"," 1"," 0.584"," 0.752"," 0.058"," 0.018"," 3.73e-06"," 0.647"," 0.791"," "
"Lacrim"," 18"," 0.759777777777778"," 0.6439999999999999"," 0.2557555555555556"," 0.22963333333333333"," 0.00013365222222222226"," 0.13831666666666664"," 0.3711277777777778"," "
"Laddi"," 1"," 0.824"," 0.621"," 0.031"," 0.483"," 1.17e-06"," 0.112"," 0.909"," "
"Lady Gaga"," 1"," 0.696"," 0.503"," 0.0356"," 0.0745"," 0.0"," 0.0869"," 0.559"," "
"LaLa Hsu"," 3"," 0.36166666666666664"," 0.33233333333333337"," 0.03783333333333333"," 0.8780000000000001"," 1.0956666666666668e-05"," 0.10306666666666665"," 0.215"," "
"Lana Del Rey"," 2"," 0.4105"," 0.514"," 0.04455"," 0.5215"," 0.004085"," 0.23399999999999999"," 0.28049999999999997"," "
"LANY"," 1"," 0.754"," 0.458"," 0.144"," 0.105"," 0.0"," 0.249"," 0.495"," "
"Lartiste"," 2"," 0.755"," 0.7235"," 0.12140000000000001"," 0.2251"," 0.0"," 0.08545"," 0.7889999999999999"," "
"Lary Over"," 1"," 0.663"," 0.519"," 0.307"," 0.625"," 0.0"," 0.117"," 0.439"," "
"Laura Voutilainen"," 1"," 0.798"," 0.799"," 0.0743"," 0.0216"," 0.0"," 0.0818"," 0.894"," "
"Lauv"," 2"," 0.589"," 0.4565"," 0.1527"," 0.653"," 5.215e-06"," 0.249"," 0.47350000000000003"," "
"Lazza"," 1"," 0.769"," 0.688"," 0.0812"," 0.00453"," 0.0"," 0.0976"," 0.443"," "
"Li Yugang"," 1"," 0.583"," 0.496"," 0.0411"," 0.52"," 0.0"," 0.223"," 0.477"," "
"Liam Payne"," 3"," 0.742"," 0.5936666666666667"," 0.0491"," 0.1616"," 0.0"," 0.1262"," 0.4133333333333334"," "
"Lijpe"," 2"," 0.897"," 0.8334999999999999"," 0.313"," 0.0738"," 3.335e-05"," 0.053099999999999994"," 0.6154999999999999"," "
"Lil Peep"," 1"," 0.602"," 0.762"," 0.0347"," 0.0498"," 0.00819"," 0.121"," 0.112"," "
"Lil Pump"," 1"," 0.936"," 0.523"," 0.0597"," 0.239"," 0.0"," 0.117"," 0.699"," "
"Lil Uzi Vert"," 6"," 0.6728333333333332"," 0.6566666666666666"," 0.19389999999999996"," 0.19021333333333332"," 4.716666666666667e-06"," 0.10738333333333334"," 0.35785"," "
"Lil' Kleine"," 14"," 0.819857142857143"," 0.7266428571428571"," 0.2224285714285714"," 0.4202142857142857"," 0.0"," 0.15734285714285717"," 0.543"," "
"Linda Vidala"," 1"," 0.92"," 0.532"," 0.431"," 0.0182"," 0.0"," 0.108"," 0.643"," "
"Linkin Park"," 7"," 0.5991428571428571"," 0.7422857142857142"," 0.04921428571428571"," 0.16061428571428574"," 2.3428571428571428e-07"," 0.26444285714285715"," 0.37557142857142856"," "
"Little Mix"," 1"," 0.607"," 0.718"," 0.0978"," 0.032"," 0.0"," 0.403"," 0.551"," "
"Logic"," 2"," 0.6234999999999999"," 0.573"," 0.0426"," 0.569"," 7.6e-07"," 0.194"," 0.3565"," "
"Lorde"," 4"," 0.6985"," 0.55325"," 0.10062499999999999"," 0.1177725"," 0.00092139"," 0.1082"," 0.3805"," "
"Lost Frequencies"," 5"," 0.6325999999999999"," 0.7318"," 0.08912"," 0.165148"," 0.0056722000000000005"," 0.12111999999999998"," 0.22522000000000003"," "
"Louis Tomlinson"," 1"," 0.683"," 0.53"," 0.142"," 0.207"," 0.0"," 0.394"," 0.645"," "
"LouiVos"," 1"," 0.931"," 0.805"," 0.206"," 0.111"," 0.0"," 0.0882"," 0.791"," "
"lowlow"," 1"," 0.683"," 0.745"," 0.28"," 0.093"," 0.0"," 0.127"," 0.31"," "
"LP"," 1"," 0.433"," 0.724"," 0.0372"," 0.1"," 0.0"," 0.0918"," 0.689"," "
"Luan Santana"," 1"," 0.699"," 0.739"," 0.0513"," 0.6"," 0.00361"," 0.389"," 0.764"," "
"Luca Testa"," 1"," 0.68"," 0.512"," 0.0514"," 0.57"," 0.0"," 0.0988"," 0.0774"," "
"Lucas Lucco"," 2"," 0.6739999999999999"," 0.6080000000000001"," 0.20155"," 0.313"," 0.0"," 0.12185"," 0.5215"," "
"Luis Fonsi"," 3"," 0.6926666666666668"," 0.832"," 0.11036666666666668"," 0.15673333333333334"," 0.0"," 0.10046666666666666"," 0.7663333333333333"," "
"Lukas Graham"," 1"," 0.882"," 0.764"," 0.148"," 0.0129"," 7.63e-06"," 0.265"," 0.693"," "
"M√§kki"," 4"," 0.7677499999999999"," 0.755"," 0.142875"," 0.16672499999999998"," 0.0"," 0.22744999999999999"," 0.6779999999999999"," "
"M√•neskin"," 2"," 0.6595"," 0.8925000000000001"," 0.03555"," 0.0066300000000000005"," 0.0"," 0.07195"," 0.9305"," "
"M√ºsl√ºm G√ºrses"," 1"," 0.424"," 0.666"," 0.0473"," 0.396"," 0.000169"," 0.12"," 0.275"," "
"Ma√Ætre Gims"," 1"," 0.83"," 0.765"," 0.101"," 0.0232"," 0.0159"," 0.0754"," 0.367"," "
"Mabel"," 1"," 0.837"," 0.575"," 0.0951"," 0.0497"," 2.09e-06"," 0.0861"," 0.648"," "
"Mabel Matiz"," 1"," 0.688"," 0.589"," 0.0264"," 0.0096"," 0.000188"," 0.62"," 0.821"," "
"Macario Mejia"," 1"," 0.847"," 0.445"," 0.166"," 0.8"," 6.48e-06"," 0.0737"," 0.807"," "
"Machine Gun Kelly"," 2"," 0.675"," 0.7044999999999999"," 0.1795"," 0.109065"," 0.0"," 0.11935"," 0.2605"," "
"Macklemore"," 2"," 0.731"," 0.794"," 0.0522"," 0.0323"," 2.59e-05"," 0.112"," 0.356"," "
"Madman"," 1"," 0.778"," 0.842"," 0.117"," 0.144"," 0.0"," 0.126"," 0.22"," "
"Mads Langer"," 1"," 0.44"," 0.692"," 0.0492"," 0.318"," 0.0"," 0.0922"," 0.298"," "
"Maggie Lindemann"," 2"," 0.703"," 0.868"," 0.0291"," 0.15"," 0.132"," 0.104"," 0.733"," "
"Maiara & Maraisa"," 3"," 0.59"," 0.8273333333333334"," 0.13343333333333332"," 0.44333333333333336"," 0.0"," 0.8713333333333333"," 0.478"," "
"Major Lazer"," 5"," 0.7454000000000001"," 0.7777999999999999"," 0.07084"," 0.06536800000000001"," 0.000141552"," 0.1166"," 0.5864"," "
"Maluma"," 4"," 0.80975"," 0.68325"," 0.109025"," 0.200075"," 6.7125000000000005e-06"," 0.2415"," 0.568425"," "
"Mani"," 1"," 0.559"," 0.787"," 0.295"," 0.165"," 0.0"," 0.101"," 0.591"," "
"Manu≈? Baba"," 2"," 0.69"," 0.71"," 0.0271"," 0.4605"," 0.004716000000000001"," 0.378"," 0.6425000000000001"," "
"Manuel Turizo"," 3"," 0.7193333333333333"," 0.539"," 0.18613333333333335"," 0.42900000000000005"," 0.0"," 0.2092333333333333"," 0.5816666666666667"," "
"Mar√≠lia Mendon√ßa"," 2"," 0.8534999999999999"," 0.6425000000000001"," 0.03615"," 0.555"," 8.8e-06"," 0.193"," 0.696"," "
"Marama"," 2"," 0.702"," 0.743"," 0.07835"," 0.0748"," 0.0"," 0.08675"," 0.8325"," "
"Marcus & Martinus"," 1"," 0.612"," 0.756"," 0.0689"," 0.0752"," 0.0"," 0.427"," 0.542"," "
"Maria Mena"," 1"," 0.513"," 0.144"," 0.0457"," 0.926"," 0.0"," 0.117"," 0.43"," "
"Mariah Carey"," 1"," 0.335"," 0.625"," 0.0386"," 0.164"," 0.0"," 0.0708"," 0.346"," "
"Mark Forster"," 1"," 0.773"," 0.623"," 0.0377"," 0.22"," 0.0"," 0.389"," 0.714"," "
"Maroon 5"," 8"," 0.7827500000000002"," 0.6225"," 0.07375000000000001"," 0.12040000000000001"," 2.9637499999999998e-06"," 0.08867499999999999"," 0.423375"," "
"Marshmello"," 2"," 0.5780000000000001"," 0.857"," 0.0603"," 0.1402"," 0.00820248"," 0.139"," 0.3415"," "
"Martin Garrix"," 5"," 0.5558"," 0.5544"," 0.054799999999999995"," 0.15636"," 0.0"," 0.263"," 0.1694"," "
"Martin Jensen"," 1"," 0.744"," 0.836"," 0.0507"," 0.0435"," 0.0"," 0.194"," 0.36"," "
"Matheus & Kauan"," 2"," 0.7155"," 0.7375"," 0.08085"," 0.1765"," 0.0"," 0.5015000000000001"," 0.6875"," "
"Matias Dam√°sio"," 1"," 0.514"," 0.573"," 0.241"," 0.525"," 2.28e-05"," 0.0942"," 0.355"," "
"MATTN"," 1"," 0.727"," 0.773"," 0.061"," 0.0614"," 0.0"," 0.0838"," 0.574"," "
"MaWayy"," 1"," 0.619"," 0.844"," 0.0366"," 0.0536"," 0.000782"," 0.362"," 0.388"," "
"Mayday"," 1"," 0.428"," 0.604"," 0.0295"," 0.0115"," 0.0"," 0.0828"," 0.222"," "
"Mc Don Juan"," 1"," 0.675"," 0.493"," 0.0792"," 0.488"," 0.0"," 0.073"," 0.817"," "
"Mc Einar"," 1"," 0.908"," 0.529"," 0.0926"," 0.21"," 0.0"," 0.133"," 0.927"," "
"MC Fioti"," 1"," 0.957"," 0.667"," 0.0856"," 0.826"," 0.0205"," 0.179"," 0.556"," "
"MC G15"," 2"," 0.765"," 0.558"," 0.060700000000000004"," 0.26355"," 0.0"," 0.06520000000000001"," 0.7945"," "
"Mc Gw"," 1"," 0.687"," 0.872"," 0.0983"," 0.126"," 0.00839"," 0.0906"," 0.706"," "
"MC Jhowzinho e MC Kadinho"," 1"," 0.814"," 0.653"," 0.0359"," 0.189"," 0.0"," 0.0876"," 0.706"," "
"MC Kevinho"," 4"," 0.7745"," 0.66225"," 0.148125"," 0.26875"," 1.9075e-05"," 0.10339999999999999"," 0.68"," "
"MC Lan"," 1"," 0.639"," 0.331"," 0.332"," 0.396"," 0.0051"," 0.236"," 0.655"," "
"Mc Livinho"," 1"," 0.532"," 0.467"," 0.117"," 0.0133"," 2.91e-06"," 0.226"," 0.249"," "
"MC WM"," 1"," 0.871"," 0.478"," 0.0925"," 0.271"," 0.000784"," 0.103"," 0.661"," "
"Mc Zaac"," 1"," 0.895"," 0.691"," 0.0645"," 0.177"," 0.000196"," 0.0706"," 0.782"," "
"Medina"," 1"," 0.489"," 0.443"," 0.0466"," 0.675"," 0.0"," 0.407"," 0.236"," "
"Melanie Thornton"," 1"," 0.578"," 0.676"," 0.033"," 0.114"," 0.0"," 0.255"," 0.524"," "
"MellemFingaMuzik"," 1"," 0.81"," 0.738"," 0.135"," 0.154"," 7.73e-06"," 0.298"," 0.797"," "
"MHD"," 2"," 0.9450000000000001"," 0.8360000000000001"," 0.314"," 0.08374999999999999"," 0.0376"," 0.0993"," 0.637"," "
"Miami Yacine"," 1"," 0.792"," 0.728"," 0.12"," 0.0695"," 0.0"," 0.143"," 0.676"," "
"Michael Bubl√©"," 3"," 0.5663333333333334"," 0.4283333333333333"," 0.04406666666666667"," 0.8019999999999999"," 3.07e-06"," 0.19273333333333334"," 0.6429999999999999"," "
"Michael Jackson"," 1"," 0.92"," 0.654"," 0.0401"," 0.0236"," 0.0158"," 0.0359"," 0.847"," "
"Michele Bravi"," 1"," 0.41"," 0.4"," 0.0361"," 0.526"," 0.0"," 0.128"," 0.316"," "
"Migos"," 3"," 0.8976666666666667"," 0.6270000000000001"," 0.2173333333333333"," 0.1183"," 0.0"," 0.15333333333333335"," 0.269"," "
"Mikael Gabriel"," 7"," 0.5804285714285714"," 0.7244285714285714"," 0.09168571428571429"," 0.05352571428571429"," 7.242857142857142e-05"," 0.18372857142857144"," 0.5414285714285715"," "
"Mikko Harju"," 1"," 0.413"," 0.409"," 0.0361"," 0.259"," 0.0"," 0.0966"," 0.221"," "
"Miley Cyrus"," 1"," 0.565"," 0.782"," 0.0506"," 0.0577"," 4.16e-05"," 0.0757"," 0.4"," "
"Miquela"," 1"," 0.734"," 0.439"," 0.0646"," 0.698"," 4.34e-05"," 0.125"," 0.454"," "
"Mister V"," 7"," 0.7415714285714287"," 0.6934285714285714"," 0.16462857142857143"," 0.21676999999999996"," 1.7857142857142859e-06"," 0.15705714285714287"," 0.6158571428571429"," "
"MK"," 1"," 0.703"," 0.832"," 0.0689"," 0.00149"," 0.127"," 0.0696"," 0.667"," "
"Moira Dela Torre"," 3"," 0.437"," 0.31233333333333335"," 0.0452"," 0.6886666666666666"," 3.788666666666667e-05"," 0.19596666666666665"," 0.3666666666666667"," "
"Molo"," 4"," 0.8512500000000001"," 0.6072500000000001"," 0.20099999999999998"," 0.1962"," 0.0"," 0.140675"," 0.37575000000000003"," "
"Mon Laferte"," 3"," 0.4876666666666667"," 0.523"," 0.03133333333333333"," 0.3017"," 0.002984866666666667"," 0.109"," 0.5369999999999999"," "
"Monsieur Job"," 1"," 0.849"," 0.605"," 0.16"," 0.023"," 0.111"," 0.0251"," 0.393"," "
"Mrs. GREEN APPLE"," 1"," 0.548"," 0.789"," 0.054"," 0.0271"," 0.0"," 0.0417"," 0.625"," "
"Mura Masa"," 1"," 0.665"," 0.771"," 0.14"," 0.126"," 0.00449"," 0.27"," 0.732"," "
"Musicologo The Libro"," 1"," 0.894"," 0.723"," 0.0917"," 0.246"," 0.00475"," 0.15"," 0.487"," "
"Mykola Dmytrovych Leontovych"," 1"," 0.418"," 0.106"," 0.0448"," 0.994"," 0.0292"," 0.179"," 0.8"," "
"Nacho"," 2"," 0.804"," 0.8674999999999999"," 0.11485"," 0.20550000000000002"," 0.0011326449999999998"," 0.059649999999999995"," 0.6355"," "
"Naiara Azevedo"," 1"," 0.778"," 0.826"," 0.212"," 0.206"," 0.0"," 0.761"," 0.759"," "
"Namewee"," 1"," 0.51"," 0.73"," 0.187"," 0.36"," 0.0"," 0.128"," 0.284"," "
"Nana Lee"," 1"," 0.532"," 0.419"," 0.0371"," 0.524"," 1.03e-05"," 0.104"," 0.316"," "
"Nano"," 1"," 0.433"," 0.878"," 0.0505"," 0.033"," 1.44e-06"," 0.159"," 0.386"," "
"Nat King Cole"," 1"," 0.31"," 0.095"," 0.0366"," 0.904"," 3.43e-05"," 0.128"," 0.188"," "
"Natti Natasha"," 2"," 0.815"," 0.8095"," 0.0562"," 0.032350000000000004"," 9.17e-05"," 0.255"," 0.8305"," "
"Nego do Borel"," 1"," 0.854"," 0.682"," 0.069"," 0.374"," 0.0"," 0.0697"," 0.887"," "
"NEIKED"," 1"," 0.803"," 0.569"," 0.0739"," 0.0623"," 0.0"," 0.083"," 0.809"," "
"Nekfeu"," 3"," 0.8613333333333334"," 0.7183333333333333"," 0.20336666666666667"," 0.4653333333333333"," 5.166666666666667e-07"," 0.12546666666666667"," 0.3519333333333334"," "
"Nelli Matula"," 1"," 0.728"," 0.888"," 0.0636"," 0.18"," 0.0"," 0.139"," 0.762"," "
"Nevada"," 1"," 0.707"," 0.883"," 0.0602"," 0.0707"," 0.0"," 0.23"," 0.541"," "
"NF"," 2"," 0.6575"," 0.7184999999999999"," 0.11649999999999999"," 0.314"," 0.0"," 0.173"," 0.4525"," "
"Niall Horan"," 3"," 0.585"," 0.5046666666666667"," 0.042333333333333334"," 0.2537333333333333"," 0.0"," 0.09853333333333335"," 0.42"," "
"NICKTHEREAL"," 1"," 0.579"," 0.806"," 0.0446"," 0.0309"," 0.0"," 0.071"," 0.373"," "
"Nicky Jam"," 2"," 0.684"," 0.711"," 0.0681"," 0.22349999999999998"," 0.0"," 0.1061"," 0.759"," "
"Nico Santos"," 1"," 0.741"," 0.706"," 0.137"," 0.25"," 0.0"," 0.0648"," 0.582"," "
"Nik & Jay"," 1"," 0.635"," 0.284"," 0.0913"," 0.724"," 0.0"," 0.106"," 0.365"," "
"Nikke Ankara"," 5"," 0.7362"," 0.759"," 0.07252"," 0.159862"," 4.24e-07"," 0.16605999999999999"," 0.6896"," "
"Nimo"," 1"," 0.837"," 0.84"," 0.0447"," 0.338"," 2.11e-05"," 0.0752"," 0.845"," "
"Ninho"," 10"," 0.7478"," 0.6491"," 0.2831"," 0.37309999999999993"," 0.0"," 0.19316999999999998"," 0.4146000000000001"," "
"Niska"," 12"," 0.82825"," 0.6545833333333334"," 0.19400000000000003"," 0.20491666666666666"," 8.75e-07"," 0.11873333333333334"," 0.41066666666666657"," "
"Nitro"," 2"," 0.7715"," 0.832"," 0.256"," 0.0949"," 0.0"," 0.35250000000000004"," 0.4245"," "
"No Method"," 1"," 0.714"," 0.786"," 0.0747"," 0.183"," 0.00676"," 0.29"," 0.63"," "
"No Party For Cao Dong"," 2"," 0.6154999999999999"," 0.6385000000000001"," 0.0668"," 0.05475"," 0.0013335"," 0.0878"," 0.45699999999999996"," "
"Noah Cyrus"," 1"," 0.588"," 0.471"," 0.0577"," 0.592"," 0.00146"," 0.0733"," 0.209"," "
"NODE"," 6"," 0.7995000000000001"," 0.6496666666666666"," 0.08711666666666666"," 0.2258"," 0.00012830166666666666"," 0.1366666666666667"," 0.6076666666666667"," "
"Norm Ender"," 8"," 0.7347499999999999"," 0.736625"," 0.11445"," 0.2357"," 0.0"," 0.20687500000000003"," 0.746"," "
"Noyz Narcos"," 1"," 0.705"," 0.885"," 0.382"," 0.439"," 0.0"," 0.129"," 0.446"," "
"O.C. Dawgs"," 1"," 0.724"," 0.684"," 0.0569"," 0.718"," 0.0"," 0.0925"," 0.765"," "
"Ofenbach"," 2"," 0.808"," 0.7295"," 0.05245"," 0.11005000000000001"," 0.0003232"," 0.06595000000000001"," 0.6885"," "
"Offset"," 1"," 0.88"," 0.428"," 0.206"," 0.149"," 5.07e-05"," 0.114"," 0.333"," "
"OG Ulla-Maija"," 1"," 0.717"," 0.855"," 0.25"," 0.116"," 0.0"," 0.0627"," 0.623"," "
"Olli Lindholm"," 1"," 0.575"," 0.913"," 0.0365"," 0.00982"," 3.54e-06"," 0.302"," 0.799"," "
"Olvidate!"," 1"," 0.767"," 0.82"," 0.137"," 0.0222"," 0.0"," 0.0493"," 0.785"," "
"ONE OK ROCK"," 1"," 0.379"," 0.69"," 0.0549"," 0.0286"," 0.0"," 0.335"," 0.288"," "
"OneRepublic"," 1"," 0.593"," 0.868"," 0.295"," 0.183"," 0.0"," 0.365"," 0.496"," "
"Orelsan"," 11"," 0.7032727272727273"," 0.7030909090909091"," 0.2549818181818182"," 0.29217272727272725"," 5.036363636363636e-06"," 0.15202727272727273"," 0.47081818181818175"," "
"Otsochodzi"," 1"," 0.694"," 0.663"," 0.334"," 0.631"," 0.0"," 0.0906"," 0.214"," "
"Ozuna"," 10"," 0.7455"," 0.6838"," 0.10099"," 0.21368"," 0.00134133"," 0.14853"," 0.6243000000000001"," "
"P!nk"," 2"," 0.4375"," 0.591"," 0.0536"," 0.02695"," 2.57e-06"," 0.08895"," 0.187"," "
"Pabllo Vittar"," 5"," 0.6946"," 0.754"," 0.04148"," 0.42780000000000007"," 0.0"," 0.0827"," 0.93"," "
"Pablo Albor√°n"," 2"," 0.731"," 0.687"," 0.0586"," 0.232"," 2.33e-05"," 0.265"," 0.577"," "
"Page Four"," 1"," 0.587"," 0.565"," 0.0601"," 0.0355"," 0.0"," 0.0974"," 0.659"," "
"Pasi ja Anssi"," 1"," 0.764"," 0.743"," 0.0336"," 0.00411"," 0.00779"," 0.293"," 0.895"," "
"Paul McCartney"," 1"," 0.774"," 0.511"," 0.0319"," 0.322"," 0.0"," 0.0672"," 0.771"," "
"PAY"," 1"," 0.854"," 0.825"," 0.0909"," 0.443"," 0.000226"," 0.1"," 0.822"," "
"Payung Teduh"," 3"," 0.5316666666666666"," 0.6393333333333334"," 0.06603333333333333"," 0.5179999999999999"," 0.031796666666666674"," 0.13166666666666665"," 0.659"," "
"Peking Duk"," 1"," 0.528"," 0.874"," 0.0456"," 0.045"," 0.0"," 0.0888"," 0.376"," "
"Pentatonix"," 1"," 0.321"," 0.377"," 0.0361"," 0.454"," 0.0"," 0.338"," 0.367"," "
"Perry Como"," 1"," 0.725"," 0.276"," 0.0599"," 0.76"," 0.0"," 0.116"," 0.717"," "
"Petit Biscuit"," 1"," 0.783"," 0.467"," 0.0503"," 0.729"," 0.809"," 0.109"," 0.236"," "
"Petri Nyg√•rd"," 2"," 0.896"," 0.873"," 0.04345"," 0.08335000000000001"," 1.21e-06"," 0.2605"," 0.8075"," "
"Pikku G"," 1"," 0.65"," 0.672"," 0.148"," 0.447"," 0.0"," 0.285"," 0.387"," "
"Pil C"," 8"," 0.6957500000000001"," 0.70075"," 0.29955"," 0.24662499999999998"," 0.00027632"," 0.2865"," 0.37475"," "
"Piruka"," 3"," 0.7543333333333333"," 0.6043333333333334"," 0.27366666666666667"," 0.522"," 0.00020366666666666667"," 0.09873333333333334"," 0.25433333333333336"," "
"Piso 21"," 4"," 0.73525"," 0.7925"," 0.0594"," 0.192175"," 3.25e-07"," 0.095"," 0.6857500000000001"," "
"Pitbull"," 2"," 0.616"," 0.7685"," 0.185"," 0.04145"," 3.09e-06"," 0.2155"," 0.5175000000000001"," "
"Playboi Carti"," 1"," 0.791"," 0.581"," 0.286"," 0.0113"," 0.0"," 0.35"," 0.438"," "
"Pnau"," 1"," 0.718"," 0.934"," 0.0379"," 0.00149"," 0.000131"," 0.324"," 0.239"," "
"PNL"," 2"," 0.736"," 0.6345"," 0.07275"," 0.4415"," 8.75e-05"," 0.11399999999999999"," 0.5640000000000001"," "
"Portion Boys"," 1"," 0.756"," 0.874"," 0.0316"," 0.00535"," 0.0"," 0.127"," 0.604"," "
"Portugal. The Man"," 1"," 0.801"," 0.795"," 0.0504"," 0.0417"," 0.000113"," 0.0717"," 0.754"," "
"Post Malone"," 5"," 0.6216"," 0.6166"," 0.06692000000000001"," 0.23498000000000002"," 4.346e-05"," 0.16148"," 0.2954"," "
"PrƒÅta Vƒ""tra"," 1"," 0.538"," 0.644"," 0.0398"," 0.18"," 0.00335"," 0.108"," 0.345"," "
"Profeetat"," 6"," 0.6455000000000001"," 0.8251666666666666"," 0.15028333333333332"," 0.06136666666666666"," 0.0"," 0.2836666666666667"," 0.48500000000000004"," "
"Puri"," 1"," 0.847"," 0.573"," 0.253"," 0.00739"," 0.0149"," 0.0845"," 0.332"," "
"Pyhimys"," 1"," 0.697"," 0.807"," 0.0762"," 0.678"," 0.000231"," 0.202"," 0.361"," "
"Quebonafide"," 2"," 0.7765"," 0.733"," 0.16929999999999998"," 0.47250000000000003"," 0.0"," 0.12664999999999998"," 0.6795"," "
"Queen"," 1"," 0.296"," 0.421"," 0.0285"," 0.214"," 0.0"," 0.232"," 0.335"," "
"Radistai Dj's"," 1"," 0.76"," 0.752"," 0.0438"," 0.277"," 1.32e-05"," 0.128"," 0.406"," "
"Rae Sremmurd"," 1"," 0.794"," 0.632"," 0.0649"," 0.142"," 0.0"," 0.128"," 0.355"," "
"RAF Camora"," 6"," 0.7163333333333334"," 0.8303333333333334"," 0.15153333333333333"," 0.4076666666666667"," 0.0009296666666666666"," 0.26326666666666665"," 0.603"," "
"Rag'n'Bone Man"," 2"," 0.5834999999999999"," 0.726"," 0.306"," 0.329"," 0.0"," 0.156"," 0.453"," "
"Raisa"," 1"," 0.482"," 0.696"," 0.0358"," 0.438"," 0.0"," 0.0893"," 0.253"," "
"Ramz"," 1"," 0.527"," 0.465"," 0.227"," 0.175"," 0.0"," 0.0661"," 0.765"," "
"Rasmus Seebach"," 3"," 0.6553333333333334"," 0.609"," 0.13913333333333333"," 0.38433333333333336"," 0.0"," 0.1688666666666667"," 0.639"," "
"Regi"," 2"," 0.646"," 0.925"," 0.0513"," 0.419"," 5.14e-05"," 0.368"," 0.534"," "
"Reino Nordin"," 2"," 0.569"," 0.717"," 0.193"," 0.3399"," 0.00074"," 0.14"," 0.7250000000000001"," "
"Reket"," 7"," 0.666"," 0.6452857142857144"," 0.17630000000000004"," 0.13265714285714286"," 0.0021660914285714285"," 0.24612857142857142"," 0.37985714285714284"," "
"Revol"," 1"," 0.768"," 0.735"," 0.0669"," 0.202"," 0.0"," 0.0557"," 0.303"," "
"Richie Campbell"," 2"," 0.492"," 0.4285"," 0.091"," 0.665"," 5.7e-06"," 0.10535"," 0.318"," "
"Ricky Martin"," 1"," 0.663"," 0.92"," 0.226"," 0.00431"," 1.69e-05"," 0.101"," 0.533"," "
"Rihanna"," 1"," 0.509"," 0.637"," 0.0471"," 0.0717"," 1.08e-05"," 0.0789"," 0.378"," "
"RIKI"," 1"," 0.475"," 0.597"," 0.0305"," 0.532"," 0.0"," 0.127"," 0.212"," "
"RIN"," 1"," 0.679"," 0.605"," 0.265"," 0.534"," 0.0881"," 0.192"," 0.488"," "
"Rita Ora"," 2"," 0.7415"," 0.7105"," 0.0542"," 0.09720000000000001"," 0.0"," 0.07765"," 0.6415"," "
"Rj√≥minn"," 1"," 0.846"," 0.631"," 0.323"," 0.0756"," 0.0"," 0.131"," 0.692"," "
"Rkomi"," 4"," 0.5795"," 0.7645"," 0.124975"," 0.133725"," 0.0"," 0.26765"," 0.24969999999999998"," "
"Robin"," 5"," 0.5713999999999999"," 0.6934000000000001"," 0.05236"," 0.10586"," 0.0"," 0.227"," 0.5698000000000001"," "
"Robin Bengtsson"," 1"," 0.733"," 0.672"," 0.0427"," 0.0308"," 0.0"," 0.163"," 0.463"," "
"Robin Schulz"," 3"," 0.5963333333333334"," 0.8023333333333333"," 0.0712"," 0.11599999999999999"," 0.0"," 0.16966666666666666"," 0.582"," "
"Rombai"," 2"," 0.6365000000000001"," 0.7405"," 0.11359999999999999"," 0.10355"," 0.0012334499999999999"," 0.229"," 0.9145000000000001"," "
"Romeo Santos"," 6"," 0.7435"," 0.6948333333333334"," 0.05576666666666666"," 0.35433333333333333"," 0.0"," 0.2149333333333333"," 0.6453333333333334"," "
"Ronnie Flex"," 8"," 0.8013750000000001"," 0.627625"," 0.17862500000000003"," 0.16725000000000004"," 7.3875e-07"," 0.128"," 0.574"," "
"Roope Salminen & Koirat"," 1"," 0.656"," 0.762"," 0.0451"," 0.0972"," 0.0"," 0.184"," 0.609"," "
"Ruben"," 1"," 0.532"," 0.646"," 0.057"," 0.0495"," 0.0"," 0.108"," 0.44"," "
"Rudimental"," 1"," 0.619"," 0.858"," 0.0929"," 0.00791"," 0.0"," 0.173"," 0.23"," "
"Ruth Reginalds"," 1"," 0.594"," 0.391"," 0.0259"," 0.106"," 0.0"," 0.166"," 0.205"," "
"Ryan Gosling"," 1"," 0.483"," 0.121"," 0.0349"," 0.91"," 0.0"," 0.0885"," 0.419"," "
"Sƒ±la"," 2"," 0.562"," 0.5529999999999999"," 0.14150000000000001"," 0.5305"," 0.0"," 0.228"," 0.47850000000000004"," "
"Sa4"," 1"," 0.71"," 0.618"," 0.343"," 0.349"," 1.81e-06"," 0.0815"," 0.634"," "
"Sadek"," 1"," 0.678"," 0.869"," 0.291"," 0.0895"," 3.22e-06"," 0.164"," 0.457"," "
"Sage The Gemini"," 2"," 0.781"," 0.57"," 0.188"," 0.273"," 0.0"," 0.196"," 0.858"," "
"Sagopa Kajmer"," 2"," 0.516"," 0.6285000000000001"," 0.048549999999999996"," 0.0665"," 0.0001625"," 0.1905"," 0.4125"," "
"Salmo"," 2"," 0.6545000000000001"," 0.786"," 0.318"," 0.1055"," 0.0"," 0.0753"," 0.7210000000000001"," "
"Salvador Sobral"," 3"," 0.4093333333333333"," 0.161"," 0.044033333333333334"," 0.7976666666666666"," 0.003535"," 0.14936666666666668"," 0.303"," "
"Sam Smith"," 4"," 0.5630000000000001"," 0.377"," 0.05395"," 0.56125"," 4.9e-07"," 0.1521"," 0.4445"," "
"Samey"," 2"," 0.6705"," 0.4605"," 0.17275"," 0.13615"," 2.265e-05"," 0.1115"," 0.1301"," "
"SANNI"," 5"," 0.5922"," 0.6318"," 0.05582"," 0.15634"," 0.0047798"," 0.0964"," 0.5144"," "
"SBMG"," 2"," 0.849"," 0.8355"," 0.3365"," 0.08125"," 0.0"," 0.4645"," 0.7555000000000001"," "
"Scarlet Pleasure"," 6"," 0.8365"," 0.5746666666666668"," 0.18411666666666668"," 0.5546666666666666"," 3.059333333333333e-05"," 0.17541666666666667"," 0.7108333333333333"," "
"SCH"," 3"," 0.674"," 0.7406666666666667"," 0.26"," 0.34739999999999993"," 0.0089"," 0.09426666666666667"," 0.315"," "
"Sean Paul"," 1"," 0.741"," 0.891"," 0.119"," 0.0437"," 0.0"," 0.256"," 0.449"," "
"Sebastian Yatra"," 3"," 0.7556666666666666"," 0.7783333333333333"," 0.09726666666666667"," 0.09303333333333334"," 5.699999999999999e-07"," 0.18233333333333332"," 0.7133333333333333"," "
"SEKAI NO OWARI"," 1"," 0.526"," 0.758"," 0.0256"," 0.171"," 0.0"," 0.304"," 0.482"," "
"Selena Gomez"," 3"," 0.7919999999999999"," 0.6073333333333334"," 0.055766666666666666"," 0.11146666666666667"," 1.4833333333333332e-06"," 0.10596666666666665"," 0.44999999999999996"," "
"Sevn Alias"," 6"," 0.8168333333333333"," 0.6128333333333332"," 0.30616666666666664"," 0.3179"," 4.031666666666667e-05"," 0.08544999999999998"," 0.6523333333333333"," "
"Sezen Aksu"," 3"," 0.6163333333333333"," 0.802"," 0.13933333333333334"," 0.21056666666666668"," 1.3966666666666665e-06"," 0.19599999999999998"," 0.5419999999999999"," "
"SFB"," 4"," 0.762"," 0.8019999999999999"," 0.196175"," 0.11124999999999999"," 1.0075e-05"," 0.124675"," 0.6425000000000001"," "
"Sfera Ebbasta"," 3"," 0.7696666666666667"," 0.626"," 0.030333333333333334"," 0.35800000000000004"," 3.0133333333333334e-06"," 0.0929"," 0.7773333333333334"," "
"Shade"," 2"," 0.747"," 0.873"," 0.12405"," 0.253"," 0.0"," 0.13245"," 0.802"," "
"Shakin' Stevens"," 1"," 0.541"," 0.909"," 0.0358"," 0.128"," 0.0"," 0.128"," 0.962"," "
"Shakira"," 4"," 0.76325"," 0.82175"," 0.12115"," 0.19449999999999998"," 7.774999999999999e-05"," 0.09820000000000001"," 0.9175000000000001"," "
"Shawn Mendes"," 3"," 0.6499999999999999"," 0.7610000000000001"," 0.14043333333333333"," 0.21366666666666667"," 0.0"," 0.10510000000000001"," 0.7203333333333334"," "
"Shota Shimizu"," 1"," 0.719"," 0.718"," 0.0316"," 0.307"," 0.000178"," 0.0846"," 0.693"," "
"Sia"," 4"," 0.66225"," 0.71325"," 0.0818"," 0.158525"," 0.0005815"," 0.155375"," 0.54125"," "
"Siboy"," 1"," 0.812"," 0.803"," 0.141"," 0.11"," 0.0"," 0.0637"," 0.93"," "
"Sigala"," 1"," 0.708"," 0.868"," 0.0431"," 0.0313"," 0.0"," 0.122"," 0.72"," "
"Silvestre Dangond"," 2"," 0.6475"," 0.9125"," 0.09355"," 0.10665"," 0.0"," 0.22344999999999998"," 0.7675000000000001"," "
"Simge"," 1"," 0.607"," 0.688"," 0.108"," 0.222"," 1.23e-06"," 0.205"," 0.404"," "
"Simone & Simaria"," 2"," 0.6575"," 0.8554999999999999"," 0.1555"," 0.06955"," 0.0"," 0.232"," 0.7649999999999999"," "
"Six60"," 2"," 0.8494999999999999"," 0.4795"," 0.0383"," 0.017599999999999998"," 1.0059999999999999e-05"," 0.2475"," 0.582"," "
"Sj√∂roos & Vesala"," 1"," 0.186"," 0.125"," 0.0329"," 0.739"," 0.145"," 0.106"," 0.0365"," "
"Skinz"," 1"," 0.72"," 0.588"," 0.0483"," 0.137"," 0.0"," 0.058"," 0.589"," "
"Sleiman"," 4"," 0.7597499999999999"," 0.70375"," 0.042025"," 0.389"," 0.002541775"," 0.141875"," 0.49075"," "
"Slim Mill"," 1"," 0.878"," 0.648"," 0.159"," 0.146"," 0.00462"," 0.187"," 0.783"," "
"Snakehips"," 1"," 0.657"," 0.703"," 0.0753"," 0.222"," 0.0"," 0.256"," 0.338"," "
"Sofiane"," 3"," 0.693"," 0.7773333333333333"," 0.3073333333333333"," 0.31393333333333334"," 0.0"," 0.21366666666666667"," 0.5326666666666667"," "
"Sophie Elise"," 1"," 0.686"," 0.614"," 0.0611"," 0.192"," 0.0"," 0.115"," 0.275"," "
"Spekti"," 1"," 0.793"," 0.929"," 0.0913"," 0.527"," 9.42e-05"," 0.266"," 0.845"," "
"Starley"," 1"," 0.67"," 0.838"," 0.0362"," 0.0604"," 0.000611"," 0.159"," 0.717"," "
"starRo"," 2"," 0.788"," 0.3555"," 0.0795"," 0.34800000000000003"," 0.0355995"," 0.5735"," 0.3925"," "
"Stefanie Sun"," 1"," 0.427"," 0.252"," 0.0335"," 0.93"," 0.0113"," 0.106"," 0.161"," "
"Steve Aoki"," 1"," 0.647"," 0.932"," 0.0824"," 0.00383"," 1.5e-06"," 0.0574"," 0.374"," "
"Stormzy"," 3"," 0.6576666666666666"," 0.8946666666666667"," 0.22833333333333336"," 0.19243333333333332"," 5.433333333333334e-05"," 0.08703333333333334"," 0.6093333333333333"," "
"Sturla Atlas"," 8"," 0.7505"," 0.567125"," 0.1326"," 0.0512475"," 5.227375e-05"," 0.1639"," 0.3138"," "
"Suchmos"," 1"," 0.681"," 0.938"," 0.0557"," 0.0288"," 0.000264"," 0.0634"," 0.6"," "
"Sunstroke Project"," 2"," 0.8325"," 0.8065"," 0.1115"," 0.2265"," 0.009475"," 0.0681"," 0.6405000000000001"," "
"Super Sako"," 1"," 0.804"," 0.768"," 0.237"," 0.308"," 0.0"," 0.0997"," 0.438"," "
"Suvi Ter√§sniska"," 1"," 0.488"," 0.511"," 0.0232"," 0.688"," 0.0"," 0.149"," 0.329"," "
"Svala"," 2"," 0.626"," 0.6659999999999999"," 0.03175"," 0.01925"," 0.0011"," 0.1185"," 0.4515"," "
"Taco Hemingway"," 8"," 0.7127500000000001"," 0.536875"," 0.24712499999999998"," 0.43368750000000006"," 0.021335675000000002"," 0.20958749999999998"," 0.3651125"," "
"Takagi & Ketra"," 1"," 0.818"," 0.714"," 0.0335"," 0.0707"," 0.0"," 0.0901"," 0.78"," "
"Tarkan"," 3"," 0.6666666666666666"," 0.794"," 0.046566666666666666"," 0.05514666666666667"," 1.5e-06"," 0.10946666666666667"," 0.5703333333333334"," "
"Taylor Swift"," 6"," 0.726"," 0.6609999999999999"," 0.15066666666666667"," 0.11516666666666665"," 7.396666666666666e-06"," 0.16833333333333333"," 0.447"," "
"Tedua"," 1"," 0.736"," 0.493"," 0.37"," 0.243"," 0.0"," 0.186"," 0.452"," "
"Teflon Brothers"," 2"," 0.704"," 0.9"," 0.0985"," 0.06465"," 0.000131"," 0.22285"," 0.742"," "
"The Chainsmokers"," 6"," 0.6636666666666665"," 0.5941666666666666"," 0.058666666666666666"," 0.16338333333333332"," 0.001234025"," 0.15248333333333333"," 0.3625"," "
"The Drifters"," 1"," 0.61"," 0.318"," 0.0303"," 0.165"," 0.00227"," 0.115"," 0.453"," "
"The Jackson 5"," 1"," 0.685"," 0.565"," 0.0374"," 0.285"," 0.00051"," 0.076"," 0.96"," "
"The Ludvig"," 1"," 0.545"," 0.446"," 0.0468"," 0.345"," 0.0"," 0.187"," 0.247"," "
"The Pogues"," 1"," 0.319"," 0.651"," 0.0342"," 0.501"," 4.73e-05"," 0.241"," 0.474"," "
"The Vamps"," 3"," 0.6176666666666667"," 0.7120000000000001"," 0.0395"," 0.17010333333333336"," 0.0"," 0.23416666666666666"," 0.594"," "
"The Weeknd"," 2"," 0.7270000000000001"," 0.7064999999999999"," 0.19999999999999998"," 0.2955"," 1.745e-06"," 0.10095000000000001"," 0.56"," "
"The xx"," 2"," 0.675"," 0.6950000000000001"," 0.0326"," 0.1741"," 0.09603205000000001"," 0.17"," 0.3665"," "
"Thegiornalisti"," 1"," 0.594"," 0.905"," 0.0851"," 0.0127"," 0.0"," 0.0514"," 0.559"," "
"Thiago Brava"," 1"," 0.746"," 0.447"," 0.118"," 0.846"," 0.0"," 0.201"," 0.924"," "
"TIFFANY BYNOE"," 1"," 0.411"," 0.757"," 0.14"," 0.0275"," 0.000947"," 0.0978"," 0.652"," "
"TIX"," 1"," 0.637"," 0.8"," 0.0561"," 0.00756"," 0.0"," 0.0893"," 0.568"," "
"Tiziano Ferro"," 1"," 0.532"," 0.687"," 0.0768"," 0.0192"," 0.0"," 0.168"," 0.331"," "
"Tjuvjakt"," 2"," 0.766"," 0.541"," 0.192"," 0.46"," 0.0"," 0.07355"," 0.6895"," "
"To√±o Rosario"," 1"," 0.648"," 0.951"," 0.233"," 0.527"," 0.0"," 0.0707"," 0.966"," "
"Tommy K√∂rberg"," 1"," 0.494"," 0.419"," 0.028"," 0.671"," 0.0"," 0.157"," 0.228"," "
"ToNick"," 1"," 0.498"," 0.77"," 0.0434"," 0.347"," 0.0"," 0.34"," 0.503"," "
"Travis Scott"," 1"," 0.763"," 0.598"," 0.0539"," 0.0714"," 0.0"," 0.112"," 0.182"," "
"Triad"," 1"," 0.678"," 0.558"," 0.0307"," 0.75"," 0.0"," 0.193"," 0.754"," "
"Triana Park"," 1"," 0.706"," 0.644"," 0.0372"," 0.0136"," 3.2e-05"," 0.187"," 0.357"," "
"Tuƒ?ba Yurt"," 1"," 0.707"," 0.712"," 0.0471"," 0.378"," 0.0"," 0.0862"," 0.408"," "
"Tuure Boelius"," 2"," 0.7685"," 0.651"," 0.0617"," 0.08245"," 5.75e-07"," 0.0757"," 0.659"," "
"Twenty One Pilots"," 1"," 0.732"," 0.396"," 0.0286"," 0.0841"," 3.58e-05"," 0.105"," 0.548"," "
"TWICE"," 3"," 0.7206666666666667"," 0.894"," 0.05316666666666666"," 0.1715266666666667"," 0.0005029066666666667"," 0.29833333333333334"," 0.4653333333333333"," "
"Ufo361"," 2"," 0.79"," 0.4645"," 0.1791"," 0.17455"," 0.00019339999999999998"," 0.19345"," 0.2355"," "
"Vald"," 1"," 0.745"," 0.494"," 0.354"," 0.426"," 0.0"," 0.116"," 0.397"," "
"Valentino"," 1"," 0.767"," 0.705"," 0.0521"," 0.342"," 0.0"," 0.25"," 0.52"," "
"Van Echelpoel"," 1"," 0.776"," 0.877"," 0.0672"," 0.0471"," 0.114"," 0.112"," 0.391"," "
"Vega"," 1"," 0.51"," 0.851"," 0.032"," 0.0319"," 0.000588"," 0.181"," 0.636"," "
"Vegas Jones"," 2"," 0.7495"," 0.5755"," 0.23149999999999998"," 0.11915"," 8.7285e-05"," 0.09575"," 0.2663"," "
"Vesa-Matti Loiri"," 1"," 0.175"," 0.334"," 0.0326"," 0.795"," 0.161"," 0.108"," 0.312"," "
"Vesala"," 1"," 0.493"," 0.784"," 0.0548"," 0.0101"," 0.00215"," 0.599"," 0.464"," "
"Vianney"," 1"," 0.635"," 0.469"," 0.0428"," 0.715"," 5.02e-06"," 0.133"," 0.281"," "
"Vice"," 1"," 0.779"," 0.671"," 0.0814"," 0.153"," 1.12e-05"," 0.115"," 0.718"," "
"Vicky Corbacho"," 1"," 0.704"," 0.72"," 0.03"," 0.656"," 0.0"," 0.0768"," 0.742"," "
"Vidar Villa"," 1"," 0.735"," 0.79"," 0.0288"," 0.123"," 0.0"," 0.296"," 0.765"," "
"Vigiland"," 1"," 0.718"," 0.673"," 0.0366"," 0.00104"," 1.16e-05"," 0.0577"," 0.0825"," "
"Vince Guaraldi Trio"," 1"," 0.388"," 0.145"," 0.0318"," 0.978"," 6.86e-06"," 0.0997"," 0.0911"," "
"Wesley Safad√£o"," 2"," 0.635"," 0.911"," 0.0763"," 0.08835"," 1.93e-06"," 0.5900000000000001"," 0.7555000000000001"," "
"Wham!"," 1"," 0.735"," 0.478"," 0.0293"," 0.189"," 2.48e-06"," 0.355"," 0.947"," "
"Whogaux"," 1"," 0.642"," 0.521"," 0.064"," 0.443"," 0.0"," 0.0766"," 0.589"," "
"Wiktoria"," 1"," 0.696"," 0.785"," 0.0631"," 0.108"," 0.0"," 0.327"," 0.756"," "
"Wisin"," 3"," 0.7726666666666667"," 0.8576666666666668"," 0.09996666666666666"," 0.11"," 2.0300000000000002e-05"," 0.2241"," 0.6206666666666666"," "
"Wolfine"," 2"," 0.909"," 0.493"," 0.0735"," 0.128"," 0.000147"," 0.127"," 0.844"," "
"Xantos"," 1"," 0.688"," 0.719"," 0.0555"," 0.163"," 0.0"," 0.15"," 0.605"," "
"XXXTENTACION"," 2"," 0.8345"," 0.462"," 0.1416"," 0.24309999999999998"," 7.8065e-05"," 0.19999999999999998"," 0.383"," "
"Yandel"," 2"," 0.8105"," 0.7829999999999999"," 0.15999999999999998"," 0.12014999999999999"," 0.0"," 0.2485"," 0.6930000000000001"," "
"Yksi Totuus"," 1"," 0.707"," 0.827"," 0.151"," 0.115"," 0.0"," 0.256"," 0.606"," "
"Young DrA"," 1"," 0.739"," 0.869"," 0.205"," 0.368"," 0.0"," 0.0865"," 0.623"," "
"Young Multi"," 2"," 0.6635"," 0.6595"," 0.10439999999999999"," 0.04565"," 4.645e-06"," 0.0951"," 0.21150000000000002"," "
"Yungen"," 1"," 0.497"," 0.59"," 0.258"," 0.1"," 0.0"," 0.0714"," 0.585"," "
"Yzomandias"," 2"," 0.606"," 0.7295"," 0.18080000000000002"," 0.08115"," 0.0"," 0.2285"," 0.313"," "
"Zac Efron"," 1"," 0.684"," 0.619"," 0.0386"," 0.0716"," 0.0"," 0.122"," 0.284"," "
"Zara Larsson"," 3"," 0.5863333333333334"," 0.6269999999999999"," 0.07906666666666666"," 0.2221"," 4.2e-07"," 0.09923333333333334"," 0.5103333333333333"," "
"ZAYN"," 2"," 0.4965"," 0.444"," 0.04875"," 0.08205000000000001"," 7.1349999999999994e-06"," 0.2155"," 0.09145"," "
"Zedd"," 2"," 0.675"," 0.631"," 0.07064999999999999"," 0.2265"," 0.0"," 0.1145"," 0.5175000000000001"," "
"Zion & Lennox"," 1"," 0.832"," 0.772"," 0.1"," 0.0559"," 0.000486"," 0.44"," 0.704"," "
"ZK"," 1"," 0.852"," 0.553"," 0.193"," 0.194"," 0.0"," 0.115"," 0.361"," "
"Zuna"," 1"," 0.823"," 0.514"," 0.421"," 0.231"," 3.82e-06"," 0.186"," 0.515"," "
